type,fixed acidity,volatile acidity,citric acid,residual sugar,chlorides,free sulfur dioxide,total sulfur dioxide,density,pH,sulphates,alcohol,quality
1,7.6,0.1,0.33,1.0,0.031,33.0,93.0,0.9909399999999999,3.06,0.68,11.2,6
1,7.2,0.22,0.24,1.4,0.040999999999999995,17.0,159.0,0.9919600000000001,3.25,0.53,11.2,6
1,6.2,0.47,0.21,1.0,0.044000000000000004,13.0,98.0,0.99345,3.14,0.46,9.2,5
0,5.6,0.615,0.0,1.6,0.08900000000000001,16.0,59.0,0.9943,3.58,0.52,9.9,5
1,7.7,0.27,0.34,1.8,0.027999999999999997,26.0,168.0,0.9911,2.99,0.48,12.1,7
1,7.7,0.4,0.27,4.5,0.034,27.0,95.0,0.99175,3.21,0.59,12.3,8
1,7.3,0.22,0.4,14.75,0.042,44.5,129.5,0.9998,3.36,0.41,9.1,7
1,6.7,0.21,0.36,8.55,0.02,20.0,86.0,0.99146,3.19,0.22,13.4,7
1,7.2,0.16,0.26,7.1,0.054000000000000006,41.0,224.0,0.9966,3.38,0.55,10.1,5
0,6.4,0.795,0.0,2.2,0.065,28.0,52.0,0.9937799999999999,3.49,0.52,11.6,5
1,6.7,0.21,0.34,1.5,0.035,45.0,123.0,0.98949,3.24,0.36,12.6,7
1,6.7,0.22,0.33,1.2,0.036000000000000004,36.0,86.0,0.9905799999999999,3.1,0.76,11.4,6
1,5.9,0.21,0.28,4.6,0.053,40.0,199.0,0.9964,3.72,0.7,10.0,4
1,7.4,0.22,0.27,1.6,0.057,45.0,98.0,0.9929899999999999,3.29,0.44,9.9,7
1,7.2,0.34,0.23,8.9,0.105,22.0,155.0,0.99692,3.01,0.58,9.5,5
1,6.3,0.67,0.48,12.6,0.052000000000000005,57.0,222.0,0.9979,3.17,0.52,9.3,6
0,9.5,0.46,0.24,2.7,0.092,14.0,44.0,0.998,3.12,0.74,10.0,6
1,6.5,0.23,0.25,17.3,0.046,15.0,110.0,0.99828,3.15,0.42,9.2,6
1,6.4,0.27,0.19,2.0,0.084,21.0,191.0,0.99516,3.49,0.63,9.6,4
1,6.1,0.27,0.3,16.7,0.039,49.0,172.0,0.99985,3.4,0.45,9.4,5
0,7.4,0.7,0.0,1.9,0.076,11.0,34.0,0.9978,3.51,0.56,9.4,5
1,8.8,0.19,0.3,5.0,0.027999999999999997,34.0,120.0,0.9924200000000001,2.94,0.47,11.2,5
1,7.8,0.965,0.6,65.8,0.07400000000000001,8.0,160.0,1.03898,3.39,0.69,11.7,6
1,6.1,0.35,0.07,1.4,0.069,22.0,108.0,0.9934,3.23,0.52,9.2,5
1,5.9,0.22,0.18,6.4,0.040999999999999995,28.0,120.0,0.99403,3.27,0.5,9.9,5
1,7.0,0.22,0.3,1.4,0.04,14.0,63.0,0.98985,3.2,0.33,12.0,6
0,7.1,0.59,0.01,2.3,0.08,27.0,43.0,0.9955,3.42,0.58,10.7,6
0,8.5,0.49,0.11,2.3,0.084,9.0,67.0,0.9968,3.17,0.53,9.4,5
1,6.3,0.2,0.4,1.5,0.037000000000000005,35.0,107.0,0.9917,3.46,0.5,11.4,6
0,7.0,0.655,0.16,2.1,0.07400000000000001,8.0,25.0,0.9960600000000001,3.37,0.55,9.7,5
1,6.2,0.32,0.5,6.5,0.048,61.0,186.0,0.9948,3.19,0.45,9.6,5
1,7.0,0.24,0.51,11.0,0.028999999999999998,55.0,227.0,0.9965,3.03,0.61,9.5,5
1,6.7,0.14,0.51,4.3,0.027999999999999997,57.0,124.0,0.9917600000000001,2.91,0.54,10.7,7
1,7.6,0.2,0.31,1.4,0.047,41.0,142.0,0.9934,3.43,0.53,10.1,6
0,9.0,0.54,0.49,2.9,0.094,41.0,110.0,0.9982,3.08,0.61,9.2,5
1,7.1,0.13,0.4,1.2,0.047,54.0,134.0,0.9932,3.3,0.97,9.8,7
0,11.9,0.39,0.69,2.8,0.095,17.0,35.0,0.9994,3.1,0.61,10.8,6
1,6.2,0.355,0.35,2.0,0.046,31.0,95.0,0.9882200000000001,3.06,0.46,13.6,6
1,6.3,0.33,0.2,17.9,0.066,36.0,161.0,0.9991,3.14,0.51,8.8,5
1,6.3,0.23,0.22,3.75,0.039,37.0,116.0,0.9927,3.23,0.5,10.7,6
1,6.9,0.22,0.49,7.0,0.063,50.0,168.0,0.9957,3.54,0.5,10.3,6
0,7.5,0.57,0.02,2.6,0.077,11.0,35.0,0.9955700000000001,3.36,0.62,10.8,6
1,5.1,0.165,0.22,5.7,0.047,42.0,146.0,0.9934,3.18,0.55,9.9,6
1,5.8,0.33,0.2,16.05,0.047,26.0,166.0,0.9976,3.09,0.46,8.9,5
1,6.7,0.21,0.32,5.4,0.047,29.0,140.0,0.995,3.39,0.46,9.7,6
0,6.7,0.48,0.08,2.1,0.064,18.0,34.0,0.9955200000000001,3.33,0.64,9.7,5
1,8.2,0.28,0.42,1.8,0.031,30.0,93.0,0.9917,3.09,0.39,11.4,5
1,6.6,0.19,0.33,1.8,0.035,42.0,148.0,0.9919600000000001,3.15,0.36,10.2,5
1,5.6,0.35,0.4,6.3,0.022000000000000002,23.0,174.0,0.9922,3.54,0.5,11.6,7
1,5.8,0.36,0.5,1.0,0.127,63.0,178.0,0.9921200000000001,3.1,0.45,9.7,5
1,7.3,0.28,0.35,1.6,0.054000000000000006,31.0,148.0,0.9917799999999999,3.18,0.47,10.7,5
1,6.3,0.22,0.33,1.7,0.040999999999999995,67.0,164.0,0.9928,3.32,0.56,10.4,6
0,7.6,0.78,0.0,1.7,0.076,33.0,45.0,0.9961200000000001,3.31,0.62,10.7,6
1,6.9,0.29,0.32,5.8,0.04,16.0,112.0,0.993,3.04,0.58,11.2,5
1,7.6,0.67,0.14,1.5,0.07400000000000001,25.0,168.0,0.9937,3.05,0.51,9.3,5
1,6.3,0.17,0.32,4.2,0.04,37.0,117.0,0.99182,3.24,0.43,11.3,6
1,6.6,0.2,0.27,10.9,0.038,29.0,130.0,0.9949600000000001,3.11,0.44,10.5,7
0,8.9,0.565,0.34,3.0,0.09300000000000001,16.0,112.0,0.9998,3.38,0.61,9.5,5
0,10.3,0.5,0.42,2.0,0.069,21.0,51.0,0.9982,3.16,0.72,11.5,6
1,6.2,0.15,0.49,0.9,0.033,17.0,51.0,0.9932,3.3,0.7,9.4,6
1,6.5,0.33,0.38,2.5,0.047,30.0,148.0,0.98964,3.17,0.43,12.7,6
1,6.8,0.39,0.34,7.4,0.02,38.0,133.0,0.9921200000000001,3.18,0.44,12.0,7
1,6.6,0.23,0.26,1.3,0.045,16.0,128.0,0.9934,3.36,0.6,10.0,6
1,8.1,0.31,0.36,8.2,0.027999999999999997,29.0,142.0,0.9925,3.01,0.34,13.0,7
1,5.6,0.26,0.5,11.4,0.028999999999999998,25.0,93.0,0.9942799999999999,3.23,0.49,10.5,6
1,6.0,0.32,0.46,1.5,0.05,56.0,189.0,0.99308,3.24,0.49,9.6,5
1,8.0,0.17,0.29,2.4,0.028999999999999998,52.0,119.0,0.98944,3.03,0.33,12.9,6
0,9.9,0.59,0.07,3.4,0.102,32.0,71.0,1.00015,3.31,0.71,9.8,5
1,7.4,0.32,0.27,12.9,0.04,60.0,221.0,0.99831,3.05,0.66,9.4,5
1,8.0,0.33,0.32,4.6,0.040999999999999995,31.0,180.0,0.9918399999999999,2.92,0.74,12.2,6
1,6.6,0.26,0.56,15.4,0.053,32.0,141.0,0.9981,3.11,0.49,9.3,5
0,8.9,0.12,0.45,1.8,0.075,10.0,21.0,0.9955200000000001,3.41,0.76,11.9,7
1,6.5,0.41,0.24,14.0,0.048,24.0,113.0,0.9982,3.44,0.53,9.8,6
1,5.0,0.33,0.16,1.5,0.049,10.0,97.0,0.9917,3.48,0.44,10.7,6
1,6.8,0.3,0.23,4.6,0.061,50.5,238.5,0.9958,3.32,0.6,9.5,5
1,6.9,0.31,0.34,1.6,0.032,23.0,128.0,0.9917,3.37,0.47,11.7,6
1,6.9,0.26,0.27,4.2,0.031,20.0,80.0,0.9908899999999999,3.12,0.39,11.5,6
1,5.7,0.255,0.65,1.2,0.079,17.0,137.0,0.9930700000000001,3.2,0.42,9.4,5
0,6.6,0.56,0.14,2.4,0.064,13.0,29.0,0.99397,3.42,0.62,11.7,7
1,6.2,0.31,0.23,3.3,0.052000000000000005,34.0,113.0,0.99429,3.16,0.48,8.4,5
1,6.2,0.3,0.31,1.6,0.035,40.0,106.0,0.9891399999999999,3.26,0.39,12.9,7
0,9.0,0.38,0.41,2.4,0.10300000000000001,6.0,10.0,0.9960399999999999,3.13,0.58,11.9,7
1,7.5,0.34,0.24,3.85,0.031,5.0,34.0,0.99098,3.01,0.36,11.8,4
1,7.0,0.47,0.07,1.1,0.035,17.0,151.0,0.991,3.02,0.34,10.5,5
1,8.2,0.18,0.49,1.1,0.033,28.0,81.0,0.9923,3.0,0.68,10.4,7
1,6.4,0.5,0.16,12.9,0.042,26.0,138.0,0.9974,3.28,0.33,9.0,5
1,5.8,0.28,0.3,3.9,0.026000000000000002,36.0,105.0,0.9896299999999999,3.26,0.58,12.75,6
1,5.0,0.24,0.19,5.0,0.043,17.0,101.0,0.9943799999999999,3.67,0.57,10.0,5
1,8.0,0.22,0.32,10.4,0.043,63.0,201.0,0.997,3.11,0.53,9.5,6
1,6.7,0.61,0.21,1.65,0.11699999999999999,40.0,240.0,0.9938,3.11,0.57,9.3,5
1,6.5,0.25,0.27,17.4,0.064,29.0,140.0,0.9977600000000001,3.2,0.49,10.1,6
0,7.2,0.63,0.0,1.9,0.09699999999999999,14.0,38.0,0.99675,3.37,0.58,9.0,6
1,7.1,0.16,0.25,1.3,0.034,28.0,123.0,0.9915,3.27,0.55,11.4,6
1,8.8,0.36,0.44,1.9,0.04,9.0,121.0,0.9953,3.19,0.48,9.9,6
1,7.9,0.51,0.36,6.2,0.051,30.0,173.0,0.9984,3.09,0.53,9.7,5
0,7.5,0.6,0.03,1.8,0.095,25.0,99.0,0.995,3.35,0.54,10.1,5
0,8.4,0.65,0.6,2.1,0.11199999999999999,12.0,90.0,0.9973,3.2,0.52,9.2,5
0,7.5,0.49,0.19,1.9,0.076,10.0,44.0,0.9957,3.39,0.54,9.7,5
1,6.6,0.22,0.23,17.3,0.047,37.0,118.0,0.9990600000000001,3.08,0.46,8.8,6
0,11.2,0.66,0.24,2.5,0.085,16.0,53.0,0.9993,3.06,0.72,11.0,6
1,6.9,0.18,0.38,8.1,0.049,44.0,176.0,0.9958,3.3,0.54,9.8,6
1,7.8,0.25,0.34,13.7,0.044000000000000004,66.0,184.0,0.99976,3.22,0.75,8.9,5
0,6.2,0.6,0.08,2.0,0.09,32.0,44.0,0.9949,3.45,0.58,10.5,5
1,6.3,0.19,0.33,10.1,0.063,63.0,133.0,0.99561,2.86,0.41,9.1,5
1,6.2,0.44,0.18,7.7,0.096,28.0,210.0,0.99771,3.56,0.72,9.2,5
0,9.5,0.39,0.41,8.9,0.069,18.0,39.0,0.99859,3.29,0.81,10.9,7
1,5.6,0.18,0.58,1.25,0.034,29.0,129.0,0.9898399999999999,3.51,0.6,12.0,7
0,8.2,1.0,0.09,2.3,0.065,7.0,37.0,0.99685,3.32,0.55,9.0,6
0,9.9,0.4,0.53,6.7,0.09699999999999999,6.0,19.0,0.9986,3.27,0.82,11.7,7
1,6.4,0.12,0.3,1.1,0.031,37.0,94.0,0.9898600000000001,3.01,0.56,11.7,6
1,7.4,0.2,0.33,1.9,0.035,39.0,138.0,0.991,3.17,0.44,11.7,7
1,5.2,0.365,0.08,13.5,0.040999999999999995,37.0,142.0,0.997,3.46,0.39,9.9,6
0,8.9,0.29,0.35,1.9,0.067,25.0,57.0,0.997,3.18,1.36,10.3,6
0,10.7,0.35,0.53,2.6,0.07,5.0,16.0,0.9972,3.15,0.65,11.0,8
1,5.7,0.21,0.24,2.3,0.047,60.0,189.0,0.995,3.65,0.72,10.1,6
1,6.2,0.33,0.14,4.8,0.052000000000000005,27.0,128.0,0.99475,3.21,0.48,9.4,5
1,7.0,0.35,0.17,1.1,0.049,7.0,119.0,0.99297,3.13,0.36,9.7,6
1,7.4,0.25,0.28,7.25,0.027999999999999997,14.0,78.0,0.9923799999999999,2.94,0.37,11.5,7
1,6.7,0.43,0.23,5.0,0.157,49.0,145.0,0.99471,3.17,0.49,9.4,5
1,6.5,0.17,0.33,1.4,0.027999999999999997,14.0,99.0,0.9928,3.23,0.55,10.1,6
1,7.8,0.27,0.33,2.4,0.053,36.0,175.0,0.992,3.2,0.55,11.0,6
0,6.9,0.49,0.1,2.3,0.07400000000000001,12.0,30.0,0.9959,3.42,0.58,10.2,6
1,7.0,0.44,0.24,12.1,0.055999999999999994,68.0,210.0,0.99718,3.05,0.5,9.5,5
1,6.8,0.18,0.3,12.8,0.062,19.0,171.0,0.99808,3.0,0.52,9.0,7
1,7.4,0.22,0.33,2.0,0.045,31.0,101.0,0.9931,3.42,0.55,11.4,5
0,6.8,0.815,0.0,1.2,0.267,16.0,29.0,0.99471,3.32,0.51,9.8,3
0,7.9,0.72,0.01,1.9,0.076,7.0,32.0,0.9966799999999999,3.39,0.54,9.6,5
1,6.2,0.3,0.3,2.5,0.040999999999999995,29.0,82.0,0.99065,3.31,0.61,11.8,7
1,7.6,0.27,0.29,2.5,0.059000000000000004,37.0,115.0,0.9932799999999999,3.09,0.37,9.8,5
1,6.2,0.25,0.42,8.0,0.049,53.0,206.0,0.9958600000000001,3.16,0.47,9.1,6
0,6.9,0.51,0.23,2.0,0.07200000000000001,13.0,22.0,0.9943799999999999,3.4,0.84,11.2,6
1,6.7,0.22,0.22,1.2,0.038,5.0,124.0,0.99098,3.1,0.37,11.2,4
1,6.6,0.34,0.18,6.4,0.08199999999999999,47.0,240.0,0.9971,3.42,0.48,9.2,5
1,6.7,0.33,0.34,6.6,0.067,35.0,156.0,0.9954200000000001,3.11,0.48,9.3,6
0,8.4,0.36,0.32,2.2,0.081,32.0,79.0,0.9964,3.3,0.72,11.0,6
1,6.3,0.13,0.42,1.1,0.043,63.0,146.0,0.99066,3.13,0.72,11.2,7
0,7.8,0.87,0.26,3.8,0.107,31.0,67.0,0.9966799999999999,3.26,0.46,9.2,5
1,6.4,0.2,0.32,3.1,0.040999999999999995,18.0,126.0,0.9914,3.43,0.42,12.0,6
1,7.1,0.23,0.39,13.7,0.057999999999999996,26.0,172.0,0.99755,2.9,0.46,9.0,6
1,6.0,0.29,0.41,10.8,0.048,55.0,149.0,0.9937,3.09,0.59,10.96666667,7
0,10.0,0.42,0.5,3.4,0.107,7.0,21.0,0.9979,3.26,0.93,11.8,6
1,6.4,0.24,0.32,0.95,0.040999999999999995,23.0,131.0,0.9903299999999999,3.25,0.35,11.8,5
1,7.4,0.2,0.37,1.2,0.027999999999999997,28.0,89.0,0.9913200000000001,3.14,0.61,11.8,6
1,7.5,0.26,0.26,18.35,0.084,33.0,139.0,1.0011,3.17,0.39,8.8,5
1,7.1,0.28,0.35,3.5,0.027999999999999997,35.0,91.0,0.9902200000000001,2.96,0.33,12.1,5
1,6.6,0.38,0.15,4.6,0.044000000000000004,25.0,78.0,0.9931,3.11,0.38,10.2,6
1,6.4,0.27,0.17,8.4,0.044000000000000004,60.0,198.0,0.9957799999999999,3.21,0.47,9.4,5
1,6.8,0.27,0.26,16.1,0.049,55.0,196.0,0.9984,3.15,0.5,9.3,5
0,6.1,0.715,0.1,2.6,0.053,13.0,27.0,0.9936200000000001,3.57,0.5,11.9,5
1,6.3,0.33,0.27,1.2,0.046,34.0,175.0,0.9934,3.37,0.54,9.4,6
1,6.4,0.28,0.44,7.1,0.048,49.0,179.0,0.9952799999999999,3.15,0.48,9.2,5
1,9.0,0.22,0.49,10.4,0.048,52.0,195.0,0.9987,3.31,0.44,10.2,6
1,6.7,0.5,0.38,7.5,0.046,26.0,175.0,0.9966200000000001,3.32,0.54,9.6,5
1,5.9,0.25,0.19,12.4,0.047,50.0,162.0,0.9973,3.35,0.38,9.5,5
1,5.8,0.13,0.22,12.7,0.057999999999999996,24.0,183.0,0.9956,3.32,0.42,11.7,6
1,6.3,0.27,0.18,7.7,0.048,45.0,186.0,0.9962,3.23,0.47,9.0,5
1,7.4,0.29,0.28,10.2,0.032,43.0,138.0,0.9951,3.1,0.47,10.6,6
1,7.6,0.19,0.42,1.5,0.044000000000000004,6.0,114.0,0.9914,3.04,0.74,12.8,6
1,6.8,0.3,0.26,20.3,0.037000000000000005,45.0,150.0,0.9972700000000001,3.04,0.38,12.3,6
1,6.4,0.22,0.32,4.9,0.046,50.0,156.0,0.99316,3.38,0.55,11.2,6
1,9.2,0.23,0.35,10.7,0.037000000000000005,34.0,145.0,0.9981,3.09,0.32,9.7,5
0,9.2,0.43,0.49,2.4,0.086,23.0,116.0,0.9976,3.23,0.64,9.5,5
0,11.5,0.31,0.51,2.2,0.079,14.0,28.0,0.9982,3.03,0.93,9.8,6
1,7.9,0.2,0.49,1.6,0.053,15.0,144.0,0.993,3.16,0.47,10.5,5
0,9.3,0.5,0.36,1.8,0.084,6.0,17.0,0.9970399999999999,3.27,0.77,10.8,6
0,6.8,0.63,0.07,2.1,0.08900000000000001,11.0,44.0,0.9953,3.47,0.55,10.4,6
0,7.7,0.41,0.76,1.8,0.611,8.0,45.0,0.9968,3.06,1.26,9.4,5
1,7.6,0.26,0.58,7.9,0.040999999999999995,62.0,180.0,0.9966,3.07,0.38,9.0,5
1,6.2,0.21,0.29,1.6,0.039,24.0,92.0,0.9911399999999999,3.27,0.5,11.2,6
0,9.8,1.24,0.34,2.0,0.079,32.0,151.0,0.998,3.15,0.53,9.5,5
1,5.2,0.34,0.37,6.2,0.031,42.0,133.0,0.9907600000000001,3.25,0.41,12.5,6
0,6.9,0.67,0.06,2.1,0.08,8.0,33.0,0.99845,3.68,0.71,9.6,5
1,6.6,0.16,0.34,1.1,0.037000000000000005,41.0,115.0,0.9899,3.01,0.68,12.0,6
1,5.4,0.23,0.36,1.5,0.03,74.0,121.0,0.9897600000000001,3.24,0.99,12.1,7
0,6.3,0.68,0.01,3.7,0.10300000000000001,32.0,54.0,0.9958600000000001,3.51,0.66,11.3,6
1,6.8,0.34,0.36,8.9,0.028999999999999998,44.0,128.0,0.99318,3.28,0.35,11.95,7
0,11.7,0.45,0.63,2.2,0.073,7.0,23.0,0.99974,3.21,0.69,10.9,6
1,6.0,0.11,0.47,10.6,0.052000000000000005,69.0,148.0,0.9958,2.91,0.34,9.3,4
1,8.5,0.26,0.21,16.2,0.07400000000000001,41.0,197.0,0.998,3.02,0.5,9.8,3
0,10.4,0.24,0.49,1.8,0.075,6.0,20.0,0.9977,3.18,1.06,11.0,6
1,7.8,0.28,0.25,3.4,0.024,27.0,99.0,0.98959,2.98,0.37,13.0,6
1,7.8,0.17,0.5,1.3,0.045,35.0,140.0,0.9904,3.16,0.4,12.0,6
1,6.0,0.29,0.21,15.55,0.043,20.0,142.0,0.9965799999999999,3.11,0.54,10.1,6
1,8.0,0.24,0.26,1.7,0.033,36.0,136.0,0.99316,3.44,0.51,10.4,7
1,7.1,0.21,0.4,1.2,0.069,24.0,156.0,0.9928,3.42,0.43,10.6,6
1,7.2,0.685,0.21,9.5,0.07,33.0,172.0,0.9971,3.0,0.55,9.1,6
1,6.4,0.27,0.49,7.3,0.046,53.0,206.0,0.9956,3.24,0.43,9.2,6
1,6.1,0.34,0.21,5.0,0.042,17.0,133.0,0.9937299999999999,3.02,0.53,9.4,5
1,5.1,0.35,0.26,6.8,0.034,36.0,120.0,0.9918799999999999,3.38,0.4,11.5,6
1,6.2,0.36,0.26,13.2,0.051,54.0,201.0,0.9976,3.25,0.46,9.0,5
0,7.7,0.58,0.1,1.8,0.102,28.0,109.0,0.99565,3.08,0.49,9.8,6
1,6.4,0.25,0.3,5.5,0.038,15.0,129.0,0.9948,3.14,0.49,9.6,6
0,4.9,0.42,0.0,2.1,0.048,16.0,42.0,0.99154,3.71,0.74,14.0,7
1,6.5,0.25,0.35,12.0,0.055,47.0,179.0,0.998,3.58,0.47,10.0,5
1,6.5,0.28,0.34,3.6,0.04,29.0,121.0,0.99111,3.28,0.48,12.1,7
1,8.1,0.17,0.21,1.6,0.036000000000000004,24.0,119.0,0.9939600000000001,3.18,0.52,10.1,6
1,7.2,0.2,0.36,2.5,0.027999999999999997,22.0,157.0,0.9938,3.48,0.49,10.6,6
1,8.6,0.23,0.4,4.2,0.035,17.0,109.0,0.9947,3.14,0.53,9.7,5
1,6.8,0.52,0.32,13.2,0.044000000000000004,54.0,221.0,0.9972,3.27,0.5,9.6,6
1,6.8,0.32,0.37,3.4,0.023,19.0,87.0,0.9902,3.14,0.53,12.7,6
1,7.2,0.08,0.49,1.3,0.05,18.0,148.0,0.9945,3.46,0.44,10.2,6
1,6.4,0.26,0.4,1.7,0.179,5.0,60.0,0.9925,3.09,0.54,10.1,5
1,7.3,0.31,0.69,10.2,0.040999999999999995,58.0,160.0,0.9977,3.06,0.45,8.6,5
1,6.2,0.27,0.43,7.8,0.055999999999999994,48.0,244.0,0.9956,3.1,0.51,9.0,6
1,9.4,0.3,0.32,10.7,0.028999999999999998,14.0,111.0,0.9958,2.85,0.42,10.6,5
1,7.9,0.22,0.49,3.8,0.042,26.0,105.0,0.993,3.1,0.39,10.5,5
1,6.1,0.31,0.37,8.4,0.031,70.0,170.0,0.9934,3.42,0.4,11.7,8
0,7.6,0.29,0.49,2.7,0.092,25.0,60.0,0.9971,3.31,0.61,10.1,6
0,6.8,0.41,0.31,8.8,0.084,26.0,45.0,0.99824,3.38,0.64,10.1,6
1,7.6,0.3,0.37,1.6,0.087,27.0,177.0,0.9943799999999999,3.09,0.5,9.8,5
1,8.1,0.36,0.59,13.6,0.051,60.0,134.0,0.9988600000000001,2.96,0.39,8.7,5
0,7.4,0.785,0.19,5.2,0.094,19.0,98.0,0.99713,3.16,0.52,9.566666667,6
1,7.8,0.21,0.27,1.2,0.051,20.0,89.0,0.9936,3.06,0.46,9.1,5
1,8.1,0.12,0.49,1.2,0.042,43.0,160.0,0.9934,3.13,0.48,9.7,6
0,7.4,0.59,0.08,4.4,0.086,6.0,29.0,0.9974,3.38,0.5,9.0,4
1,5.6,0.34,0.3,6.9,0.038,23.0,89.0,0.99266,3.25,0.49,11.1,6
0,9.6,0.77,0.12,2.9,0.08199999999999999,30.0,74.0,0.99865,3.3,0.64,10.4,6
1,7.6,0.52,0.49,14.0,0.034,37.0,156.0,0.9958,3.14,0.38,11.8,7
0,6.8,0.68,0.09,3.9,0.068,15.0,29.0,0.99524,3.41,0.52,11.1,4
1,6.0,0.31,0.27,2.3,0.042,19.0,120.0,0.9895200000000001,3.32,0.41,12.7,7
1,6.5,0.37,0.33,3.5,0.036000000000000004,23.0,92.0,0.99136,3.18,0.38,11.2,6
1,6.3,0.34,0.31,6.0,0.02,18.0,68.0,0.9898100000000001,3.22,0.29,13.4,7
0,7.0,0.36,0.21,2.4,0.086,24.0,69.0,0.99556,3.4,0.53,10.1,6
1,7.6,0.23,0.34,1.6,0.043,24.0,129.0,0.99305,3.12,0.7,10.4,5
1,7.4,0.18,0.31,1.4,0.057999999999999996,38.0,167.0,0.9931,3.16,0.53,10.0,7
1,5.9,0.44,0.33,1.2,0.049,12.0,117.0,0.99134,3.46,0.44,11.5,5
1,6.2,0.46,0.25,4.4,0.066,62.0,207.0,0.9939,3.25,0.52,9.8,5
1,7.9,0.41,0.37,4.5,0.03,40.0,114.0,0.992,3.17,0.54,12.4,7
1,7.0,0.29,0.33,0.9,0.040999999999999995,20.0,117.0,0.9904799999999999,3.21,0.5,11.4,5
0,7.5,0.63,0.12,5.1,0.111,50.0,110.0,0.9983,3.26,0.77,9.4,5
0,8.2,0.2,0.43,2.5,0.076,31.0,51.0,0.99672,3.53,0.81,10.4,6
1,6.7,0.16,0.34,1.6,0.026000000000000002,27.0,109.0,0.9934,3.34,0.58,10.1,6
1,5.9,0.46,0.14,2.7,0.042,27.0,160.0,0.9931,3.46,0.51,10.6,7
1,6.4,0.29,0.57,1.0,0.06,15.0,120.0,0.9924,3.06,0.41,9.5,5
0,9.7,0.295,0.4,1.5,0.073,14.0,21.0,0.99556,3.14,0.51,10.9,6
1,6.9,0.42,0.2,15.4,0.043,57.0,201.0,0.9984799999999999,3.08,0.54,9.4,5
0,9.2,0.755,0.18,2.2,0.14800000000000002,10.0,103.0,0.9969,2.87,1.36,10.2,6
0,7.3,0.55,0.03,1.6,0.07200000000000001,17.0,42.0,0.9956,3.37,0.48,9.0,4
1,6.5,0.33,0.3,3.8,0.036000000000000004,34.0,88.0,0.9902799999999999,3.25,0.63,12.5,7
1,6.6,0.31,0.28,1.4,0.035,28.0,107.0,0.98836,3.0,0.4,13.2,6
1,6.9,0.2,0.37,6.2,0.027000000000000003,24.0,97.0,0.992,3.38,0.49,12.2,7
1,6.8,0.22,0.35,5.5,0.043,21.0,114.0,0.9938,3.3,0.53,10.7,7
1,5.2,0.335,0.2,1.7,0.033,17.0,74.0,0.9900200000000001,3.34,0.48,12.3,6
1,4.7,0.335,0.14,1.3,0.036000000000000004,69.0,168.0,0.9921200000000001,3.47,0.46,10.5,5
1,6.5,0.34,0.46,1.0,0.023,6.0,80.0,0.98865,3.15,0.54,12.9,6
1,6.4,0.25,0.28,4.9,0.03,29.0,98.0,0.99024,3.09,0.58,12.8,7
1,5.9,0.54,0.0,0.8,0.032,12.0,82.0,0.9928600000000001,3.25,0.36,8.8,5
0,8.9,0.35,0.4,3.6,0.11,12.0,24.0,0.99549,3.23,0.7,12.0,7
0,7.5,0.4,0.18,1.6,0.079,24.0,58.0,0.9965,3.34,0.58,9.4,5
0,11.9,0.38,0.49,2.7,0.098,12.0,42.0,1.0004,3.16,0.61,10.3,5
1,5.7,0.15,0.47,11.4,0.035,49.0,128.0,0.99456,3.03,0.34,10.5,8
1,7.2,0.35,0.34,12.4,0.051,6.0,37.0,0.9944,3.13,0.39,11.5,6
1,7.4,0.19,0.3,12.8,0.053,48.5,229.0,0.9986,3.14,0.49,9.1,7
1,6.5,0.22,0.5,16.4,0.048,36.0,182.0,0.9990399999999999,3.02,0.49,8.8,6
0,7.9,0.51,0.25,2.9,0.077,21.0,45.0,0.9974,3.49,0.96,12.1,6
1,6.9,0.31,0.32,1.6,0.036000000000000004,34.0,114.0,0.9906799999999999,3.19,0.45,11.4,7
1,7.5,0.22,0.32,2.4,0.045,29.0,100.0,0.99135,3.08,0.6,11.3,7
1,8.0,0.22,0.31,5.6,0.049,24.0,97.0,0.993,3.1,0.42,10.9,5
0,7.4,0.635,0.1,2.4,0.08,16.0,33.0,0.99736,3.58,0.69,10.8,7
1,7.7,0.32,0.62,10.6,0.036000000000000004,56.0,153.0,0.9978,3.13,0.44,8.9,6
0,6.8,0.51,0.01,2.1,0.07400000000000001,9.0,25.0,0.9958,3.33,0.56,9.5,6
1,7.6,0.32,0.36,1.6,0.04,32.0,155.0,0.993,3.23,0.52,11.3,6
0,9.0,0.53,0.49,1.9,0.171,6.0,25.0,0.9975,3.27,0.61,9.4,6
1,5.6,0.13,0.27,4.8,0.027999999999999997,22.0,104.0,0.9948,3.34,0.45,9.2,6
1,7.2,0.23,0.32,8.5,0.057999999999999996,47.0,186.0,0.9956,3.19,0.4,9.9,6
1,5.1,0.31,0.3,0.9,0.037000000000000005,28.0,152.0,0.992,3.54,0.56,10.1,6
1,7.0,0.16,0.32,8.3,0.045,38.0,126.0,0.9958,3.21,0.34,9.2,5
1,7.4,0.24,0.22,10.7,0.042,26.0,81.0,0.9954,2.86,0.36,9.7,6
1,5.0,0.33,0.16,1.5,0.049,10.0,97.0,0.9917,3.48,0.44,10.7,6
1,7.2,0.2,0.3,2.0,0.039,43.0,188.0,0.9911,3.3,0.41,12.0,6
0,6.6,0.96,0.0,1.8,0.08199999999999999,5.0,16.0,0.9936,3.5,0.44,11.9,6
1,7.8,0.25,0.34,13.7,0.044000000000000004,66.0,184.0,0.99976,3.22,0.75,8.9,5
0,5.6,0.54,0.04,1.7,0.049,5.0,13.0,0.9942,3.72,0.58,11.4,5
0,12.0,0.39,0.66,3.0,0.09300000000000001,12.0,30.0,0.9996,3.18,0.63,10.8,7
0,8.7,0.675,0.1,1.6,0.09,4.0,11.0,0.99745,3.31,0.65,9.55,5
1,6.0,0.2,0.26,6.8,0.049,22.0,93.0,0.9928,3.15,0.42,11.0,6
1,6.5,0.18,0.33,1.4,0.028999999999999998,35.0,138.0,0.9911399999999999,3.36,0.6,11.5,7
1,5.0,0.33,0.16,1.5,0.049,10.0,97.0,0.9917,3.48,0.44,10.7,6
1,6.4,0.32,0.25,5.0,0.055,28.0,138.0,0.9917100000000001,3.27,0.5,12.4,8
1,6.3,0.27,0.37,7.9,0.047,58.0,215.0,0.9954200000000001,3.19,0.48,9.5,6
1,6.1,0.36,0.27,2.1,0.035,16.0,100.0,0.9917,3.4,0.71,11.5,7
1,8.3,0.18,0.3,1.1,0.033,20.0,57.0,0.9910899999999999,3.02,0.51,11.0,6
1,7.3,0.145,0.33,1.1,0.042,14.0,64.0,0.9901200000000001,3.1,0.37,11.8,7
1,5.8,0.23,0.31,3.5,0.044000000000000004,35.0,158.0,0.98998,3.19,0.37,12.1,7
0,6.7,0.675,0.07,2.4,0.08900000000000001,17.0,82.0,0.9958,3.35,0.54,10.1,5
1,6.4,0.32,0.35,4.8,0.03,34.0,101.0,0.9912,3.36,0.6,12.5,8
1,6.4,0.28,0.41,6.8,0.045,61.0,216.0,0.9952,3.09,0.46,9.4,5
1,6.2,0.33,0.19,5.6,0.042,22.0,143.0,0.99425,3.15,0.63,9.9,5
0,10.5,0.42,0.66,2.95,0.11599999999999999,12.0,29.0,0.997,3.24,0.75,11.7,7
1,7.6,0.51,0.24,1.2,0.04,10.0,104.0,0.992,3.05,0.29,10.8,6
1,6.2,0.16,0.47,1.4,0.028999999999999998,23.0,81.0,0.99,3.26,0.42,12.2,6
1,6.7,0.26,0.51,8.0,0.062,50.0,194.0,0.99545,3.13,0.5,9.6,5
1,6.7,0.33,0.49,1.6,0.16699999999999998,20.0,94.0,0.9914,3.11,0.5,11.4,6
1,5.2,0.17,0.27,0.7,0.03,11.0,68.0,0.99218,3.3,0.41,9.8,5
0,8.0,0.18,0.37,0.9,0.049,36.0,109.0,0.9900700000000001,2.89,0.44,12.7,6
1,6.3,0.3,0.34,1.6,0.049,14.0,132.0,0.9940000000000001,3.3,0.49,9.5,6
1,5.6,0.19,0.26,1.4,0.03,12.0,76.0,0.9905,3.25,0.37,10.9,7
1,7.6,0.2,0.36,1.9,0.043,24.0,111.0,0.9923700000000001,3.29,0.54,11.3,6
1,6.1,0.22,0.49,1.5,0.051,18.0,87.0,0.9928,3.3,0.46,9.6,5
1,6.7,0.24,0.36,8.4,0.042,42.0,123.0,0.9947299999999999,3.34,0.52,10.9,6
0,7.1,0.46,0.2,1.9,0.077,28.0,54.0,0.9956,3.37,0.64,10.4,6
1,5.2,0.24,0.15,7.1,0.043,32.0,134.0,0.9937799999999999,3.24,0.48,9.9,6
1,6.3,0.32,0.32,1.5,0.03,24.0,101.0,0.9892299999999999,3.21,0.42,13.0,5
0,11.9,0.37,0.69,2.3,0.078,12.0,24.0,0.9958,3.0,0.65,12.8,6
1,6.5,0.33,0.72,1.1,0.061,7.0,151.0,0.993,3.09,0.57,9.5,4
1,7.2,0.27,0.37,5.4,0.026000000000000002,27.0,114.0,0.99174,3.13,0.84,12.7,5
1,7.4,0.19,0.31,14.5,0.045,39.0,193.0,0.9986,3.1,0.5,9.2,6
0,6.1,0.59,0.01,2.1,0.055999999999999994,5.0,13.0,0.99472,3.52,0.56,11.4,5
1,7.0,0.21,0.34,8.5,0.033,31.0,253.0,0.9953,3.22,0.56,10.5,6
1,6.8,0.29,0.56,11.9,0.043,66.0,230.0,0.9972,3.02,0.63,9.3,5
1,7.2,0.18,0.45,4.4,0.046,57.0,166.0,0.9943,3.13,0.62,11.2,6
1,4.8,0.65,0.12,1.1,0.013000000000000001,4.0,10.0,0.99246,3.32,0.36,13.5,4
1,7.0,0.3,0.28,2.2,0.042,21.0,177.0,0.99166,3.2,0.57,11.4,5
1,7.3,0.32,0.35,1.4,0.05,8.0,163.0,0.99244,3.24,0.42,10.7,5
0,9.8,0.98,0.32,2.3,0.078,35.0,152.0,0.998,3.25,0.48,9.4,5
0,8.3,0.85,0.14,2.5,0.09300000000000001,13.0,54.0,0.99724,3.36,0.54,10.1,5
1,7.2,0.24,0.3,1.2,0.037000000000000005,11.0,95.0,0.9891399999999999,2.96,0.36,12.5,6
1,6.4,0.3,0.38,7.8,0.046,35.0,192.0,0.9955,3.1,0.37,9.0,5
1,5.8,0.22,0.29,1.3,0.036000000000000004,25.0,68.0,0.98865,3.24,0.35,12.6,6
1,6.6,0.17,0.26,7.4,0.052000000000000005,45.0,128.0,0.9938799999999999,3.16,0.37,10.0,6
1,7.3,0.29,0.29,4.6,0.028999999999999998,27.0,155.0,0.9931,3.07,0.26,10.6,6
1,6.3,0.2,0.26,1.6,0.027000000000000003,36.0,141.0,0.9926799999999999,3.53,0.56,10.8,6
1,8.0,0.45,0.36,8.8,0.026000000000000002,50.0,151.0,0.9927,3.07,0.25,12.7,8
1,8.4,0.35,0.71,12.2,0.046,22.0,160.0,0.9982,2.98,0.65,9.4,5
1,5.6,0.19,0.31,2.7,0.027000000000000003,11.0,100.0,0.98964,3.46,0.4,13.2,7
1,6.4,0.27,0.3,1.6,0.04,19.0,86.0,0.9908899999999999,3.32,0.65,11.5,6
1,7.4,0.19,0.31,14.5,0.045,39.0,193.0,0.9986,3.1,0.5,9.2,6
0,8.9,0.24,0.39,1.6,0.07400000000000001,3.0,10.0,0.99698,3.12,0.59,9.5,6
1,5.9,0.18,0.29,4.6,0.032,68.0,137.0,0.99159,3.21,0.38,11.3,6
1,6.8,0.12,0.3,12.9,0.049,32.0,88.0,0.99654,3.2,0.35,9.9,6
1,6.1,0.26,0.25,2.9,0.047,289.0,440.0,0.9931399999999999,3.44,0.64,10.5,3
1,7.3,0.36,0.54,13.3,0.054000000000000006,63.0,193.0,0.99864,3.06,0.49,8.6,4
1,6.8,0.27,0.3,13.0,0.047,69.0,160.0,0.99705,3.16,0.5,9.6,6
0,8.3,0.31,0.39,2.4,0.078,17.0,43.0,0.99444,3.31,0.77,12.5,7
1,7.7,0.34,0.28,11.0,0.04,31.0,117.0,0.99815,3.27,0.29,9.2,6
1,6.3,0.3,0.34,1.6,0.049,14.0,132.0,0.9940000000000001,3.3,0.49,9.5,6
1,6.9,0.26,0.38,10.5,0.044000000000000004,33.0,139.0,0.9951700000000001,3.06,0.5,10.3,6
1,6.5,0.28,0.27,5.2,0.04,44.0,179.0,0.9948,3.19,0.69,9.4,6
1,6.5,0.43,0.31,3.6,0.046,19.0,143.0,0.9902200000000001,3.15,0.34,12.0,8
0,7.9,0.57,0.31,2.0,0.079,10.0,79.0,0.99677,3.29,0.69,9.5,6
1,6.8,0.26,0.29,16.95,0.055999999999999994,48.0,179.0,0.9998,3.45,0.4,9.6,5
1,7.0,0.27,0.41,18.75,0.042,34.0,157.0,1.0002,2.96,0.5,9.1,5
1,6.0,0.24,0.32,6.3,0.03,34.0,129.0,0.9946,3.52,0.41,10.4,5
1,6.7,0.34,0.26,1.9,0.038,58.0,138.0,0.9893,3.0,0.47,12.2,7
1,6.5,0.33,0.32,1.0,0.040999999999999995,39.0,120.0,0.9900399999999999,3.06,0.37,12.2,6
1,6.4,0.25,0.74,7.8,0.045,52.0,209.0,0.9956,3.21,0.42,9.2,6
1,5.5,0.29,0.3,1.1,0.022000000000000002,20.0,110.0,0.98869,3.34,0.38,12.8,7
1,9.2,0.28,0.46,3.2,0.057999999999999996,39.0,133.0,0.996,3.14,0.58,9.5,5
1,6.7,0.27,0.31,15.7,0.036000000000000004,44.0,179.0,0.9979,3.26,0.56,9.6,5
1,7.6,0.2,0.3,14.2,0.055999999999999994,53.0,212.5,0.9990000000000001,3.14,0.46,8.9,8
0,8.0,0.6,0.08,2.6,0.055999999999999994,3.0,7.0,0.9928600000000001,3.22,0.37,13.0,5
1,6.0,0.23,0.34,1.3,0.025,23.0,111.0,0.98961,3.36,0.37,12.7,6
1,6.3,0.27,0.46,11.1,0.053,44.0,177.0,0.9969100000000001,3.18,0.67,9.4,5
1,5.1,0.29,0.28,8.3,0.026000000000000002,27.0,107.0,0.99308,3.36,0.37,11.0,6
0,10.1,0.27,0.54,2.3,0.065,7.0,26.0,0.99531,3.17,0.53,12.5,6
1,6.9,0.19,0.35,1.7,0.036000000000000004,33.0,101.0,0.99315,3.21,0.54,10.8,7
1,5.0,0.27,0.32,4.5,0.032,58.0,178.0,0.98956,3.45,0.31,12.6,7
1,7.6,0.285,0.32,14.6,0.063,32.0,201.0,0.998,3.0,0.45,9.2,5
1,7.1,0.28,0.28,8.5,0.03,25.0,191.0,0.9933799999999999,3.16,0.46,12.2,7
1,7.8,0.43,0.49,13.0,0.033,37.0,158.0,0.9955,3.14,0.35,11.3,6
1,6.9,0.4,0.42,6.2,0.066,41.0,176.0,0.9955200000000001,3.12,0.54,9.4,5
1,5.0,0.31,0.0,6.4,0.046,43.0,166.0,0.9940000000000001,3.3,0.63,9.9,6
0,10.9,0.53,0.49,4.6,0.11800000000000001,10.0,17.0,1.0002,3.07,0.56,11.7,6
0,6.3,0.36,0.19,3.2,0.075,15.0,39.0,0.9956,3.56,0.52,12.7,6
1,8.3,0.4,0.38,1.1,0.038,15.0,75.0,0.9934,3.03,0.43,9.2,5
1,5.3,0.31,0.38,10.5,0.031,53.0,140.0,0.99321,3.34,0.46,11.7,6
1,6.3,0.3,0.91,8.2,0.034,50.0,199.0,0.9939399999999999,3.39,0.49,11.7,6
1,5.6,0.26,0.18,1.4,0.034,18.0,135.0,0.99174,3.32,0.35,10.2,6
1,8.0,0.26,0.28,8.2,0.038,72.0,202.0,0.99566,3.12,0.56,10.0,6
1,6.4,0.27,0.29,10.8,0.027999999999999997,17.0,118.0,0.99356,3.18,0.37,11.2,6
0,7.6,0.52,0.12,3.0,0.067,12.0,53.0,0.9971,3.36,0.57,9.1,5
0,9.5,0.37,0.52,2.0,0.08199999999999999,6.0,26.0,0.998,3.18,0.51,9.5,5
1,5.8,0.335,0.14,5.8,0.046,49.0,197.0,0.9937,3.3,0.71,10.3,5
1,6.4,0.29,0.32,2.4,0.013999999999999999,34.0,89.0,0.99008,3.24,0.66,12.5,7
0,8.2,0.28,0.6,3.0,0.10400000000000001,10.0,22.0,0.99828,3.39,0.68,10.6,5
1,6.5,0.22,0.25,17.1,0.05,44.0,138.0,1.0001,3.3,0.37,8.8,5
1,7.9,0.28,0.32,3.6,0.038,9.0,76.0,0.992,3.05,0.31,11.7,4
1,6.8,0.25,0.31,13.3,0.05,69.0,202.0,0.9972,3.22,0.48,9.7,6
1,6.8,0.19,0.23,5.1,0.034,71.0,204.0,0.9942,3.23,0.69,10.1,5
0,6.6,0.39,0.49,1.7,0.07,23.0,149.0,0.9922,3.12,0.5,11.5,6
1,6.2,0.24,0.27,16.8,0.04,48.0,129.0,0.9969100000000001,3.23,0.38,10.5,6
1,7.5,0.22,0.29,4.8,0.05,33.0,87.0,0.9940000000000001,3.14,0.42,9.9,5
1,7.4,0.22,0.28,9.0,0.046,22.0,121.0,0.9946799999999999,3.1,0.55,10.8,5
1,6.8,0.25,0.38,8.1,0.046,24.0,155.0,0.9956,3.33,0.59,10.2,6
0,6.4,0.42,0.09,2.3,0.054000000000000006,34.0,64.0,0.99724,3.41,0.68,10.4,6
1,8.0,0.22,0.42,14.6,0.044000000000000004,45.0,163.0,1.0003,3.21,0.69,8.6,7
1,7.4,0.25,0.49,1.1,0.042,35.0,156.0,0.9917,3.13,0.55,11.3,5
1,7.2,0.25,0.28,14.4,0.055,55.0,205.0,0.9986,3.12,0.38,9.0,7
0,8.8,0.3,0.38,2.3,0.06,19.0,72.0,0.9954299999999999,3.39,0.72,11.8,6
1,6.2,0.28,0.41,5.0,0.043,50.0,188.0,0.99318,3.23,0.64,10.8,6
1,7.5,0.18,0.31,11.7,0.051,24.0,94.0,0.997,3.19,0.44,9.5,7
1,5.7,0.26,0.3,1.8,0.039,30.0,105.0,0.98995,3.48,0.52,12.5,7
0,9.4,0.59,0.14,2.0,0.084,25.0,48.0,0.9981,3.14,0.56,9.7,5
1,7.2,0.6,0.2,9.9,0.07,21.0,174.0,0.9971,3.03,0.54,9.1,5
0,7.5,0.52,0.11,1.5,0.079,11.0,39.0,0.9968,3.42,0.58,9.6,5
1,6.4,0.24,0.32,14.9,0.047,54.0,162.0,0.9968,3.28,0.5,10.2,6
1,5.4,0.33,0.31,4.0,0.03,27.0,108.0,0.99031,3.3,0.43,12.2,7
1,7.1,0.12,0.3,3.1,0.018000000000000002,15.0,37.0,0.9900399999999999,3.02,0.52,11.9,7
0,7.1,0.43,0.42,5.5,0.071,28.0,128.0,0.9973,3.42,0.71,10.5,5
0,11.3,0.34,0.45,2.0,0.08199999999999999,6.0,15.0,0.9988,2.94,0.66,9.2,6
1,7.9,0.22,0.24,4.6,0.044000000000000004,39.0,159.0,0.9927,2.99,0.28,11.5,6
1,7.2,0.16,0.26,7.1,0.054000000000000006,41.0,224.0,0.9966,3.38,0.55,10.1,5
1,6.9,0.24,0.4,15.4,0.052000000000000005,81.0,198.0,0.9986,3.2,0.69,9.4,5
1,7.5,0.42,0.45,9.1,0.028999999999999998,20.0,125.0,0.996,3.12,0.36,10.1,6
1,8.2,0.24,0.49,9.3,0.038,52.0,163.0,0.9952,3.02,0.33,10.6,6
1,6.4,0.17,0.27,9.9,0.047,26.0,101.0,0.9959600000000001,3.34,0.5,9.9,6
1,7.3,0.34,0.39,5.2,0.04,45.0,163.0,0.9925,3.3,0.47,12.4,6
1,6.9,0.3,0.36,4.5,0.054000000000000006,31.0,203.0,0.99513,3.4,0.57,10.4,4
1,7.4,0.36,0.33,1.4,0.025,27.0,55.0,0.9915,3.21,0.33,11.2,6
0,7.7,0.965,0.1,2.1,0.11199999999999999,11.0,22.0,0.9963,3.26,0.5,9.5,5
0,9.4,0.33,0.59,2.8,0.079,9.0,30.0,0.9976,3.12,0.54,12.0,6
1,8.3,0.22,0.38,14.8,0.054000000000000006,32.0,126.0,1.0002,3.22,0.5,9.7,5
1,7.6,0.22,0.28,12.0,0.055999999999999994,68.0,143.0,0.9983,2.99,0.3,9.2,6
0,7.6,0.3,0.42,2.0,0.052000000000000005,6.0,24.0,0.9963,3.44,0.82,11.9,6
1,6.4,0.28,0.28,3.0,0.04,19.0,98.0,0.99216,3.25,0.47,11.1,6
1,7.0,0.22,0.26,1.1,0.037000000000000005,20.0,71.0,0.9902,3.1,0.38,11.7,6
0,6.5,0.34,0.27,2.8,0.067,8.0,44.0,0.99384,3.21,0.56,12.0,6
0,12.3,0.39,0.63,2.3,0.091,6.0,18.0,1.0004,3.16,0.49,9.5,5
1,6.6,0.19,0.43,10.9,0.045,53.0,154.0,0.9975200000000001,3.52,0.77,10.4,6
1,7.0,0.44,0.24,12.1,0.055999999999999994,68.0,210.0,0.99718,3.05,0.5,9.5,5
0,6.6,0.735,0.02,7.9,0.122,68.0,124.0,0.9994,3.47,0.53,9.9,5
1,6.4,0.5,0.2,2.4,0.059000000000000004,19.0,112.0,0.9931399999999999,3.18,0.4,9.2,6
0,7.0,0.55,0.13,2.2,0.075,15.0,35.0,0.9959,3.36,0.59,9.7,6
1,7.3,0.22,0.49,9.4,0.034,29.0,134.0,0.9939,2.99,0.32,11.0,7
0,8.8,0.41,0.64,2.2,0.09300000000000001,9.0,42.0,0.9986,3.54,0.66,10.5,5
1,6.6,0.39,0.39,11.9,0.057,51.0,221.0,0.99851,3.26,0.51,8.9,6
1,8.2,0.23,0.4,1.2,0.027000000000000003,36.0,121.0,0.992,3.12,0.38,10.7,6
1,7.9,0.26,0.33,10.3,0.039,73.0,212.0,0.9969,2.93,0.49,9.5,6
0,7.5,0.52,0.4,2.2,0.06,12.0,20.0,0.99474,3.26,0.64,11.8,6
0,8.0,0.715,0.22,2.3,0.075,13.0,81.0,0.9968799999999999,3.24,0.54,9.5,6
0,10.0,0.69,0.11,1.4,0.084,8.0,24.0,0.9957799999999999,2.88,0.47,9.7,5
0,6.6,0.735,0.02,7.9,0.122,68.0,124.0,0.9994,3.47,0.53,9.9,5
1,5.4,0.3,0.3,1.2,0.028999999999999998,25.0,93.0,0.9874200000000001,3.31,0.4,13.6,7
1,7.0,0.17,0.37,5.7,0.025,29.0,111.0,0.9938,3.2,0.49,10.8,6
1,6.1,0.36,0.58,15.0,0.044000000000000004,42.0,115.0,0.9978,3.15,0.51,9.0,5
1,6.7,0.26,0.26,4.0,0.079,35.5,216.0,0.9956,3.31,0.68,9.5,5
1,7.2,0.33,0.34,2.0,0.044000000000000004,61.0,171.0,0.9894700000000001,3.25,0.53,13.3,7
1,7.7,0.3,0.42,14.3,0.045,45.0,213.0,0.9991,3.18,0.63,9.2,5
1,5.8,0.6,0.0,1.3,0.044000000000000004,72.0,197.0,0.9920200000000001,3.56,0.43,10.9,5
1,5.9,0.25,0.24,7.4,0.044000000000000004,21.0,113.0,0.9946200000000001,3.38,0.58,10.5,6
1,6.3,0.15,0.34,11.4,0.05,25.0,96.0,0.99754,3.21,0.49,10.0,6
1,6.2,0.23,0.38,1.6,0.044000000000000004,12.0,113.0,0.9917600000000001,3.3,0.73,11.4,5
1,6.4,0.3,0.16,7.5,0.05,55.0,191.0,0.9959,3.17,0.49,9.0,5
1,7.0,0.33,0.32,1.2,0.053,38.0,138.0,0.9906,3.13,0.28,11.2,6
1,6.1,0.22,0.5,6.6,0.045,30.0,122.0,0.99415,3.22,0.49,9.9,6
1,9.2,0.16,0.49,2.0,0.044000000000000004,18.0,107.0,0.9951399999999999,3.1,0.53,10.2,4
0,10.2,0.36,0.64,2.9,0.122,10.0,41.0,0.998,3.23,0.66,12.5,6
0,10.1,0.31,0.35,1.6,0.075,9.0,28.0,0.99672,3.24,0.83,11.2,7
1,7.3,0.32,0.35,1.4,0.05,8.0,163.0,0.99244,3.24,0.42,10.7,5
1,7.0,0.24,0.32,1.3,0.037000000000000005,39.0,123.0,0.992,3.17,0.42,11.2,8
1,6.0,0.2,0.26,6.8,0.049,22.0,93.0,0.9928,3.15,0.42,11.0,6
1,5.7,0.12,0.26,5.5,0.034,21.0,99.0,0.99324,3.09,0.57,9.9,6
1,6.3,0.18,0.22,5.6,0.047,45.0,147.0,0.9938299999999999,3.09,0.54,10.0,5
1,5.8,0.28,0.27,2.6,0.054000000000000006,30.0,156.0,0.9914,3.53,0.42,12.4,5
0,8.0,0.42,0.17,2.0,0.073,6.0,18.0,0.9972,3.29,0.61,9.2,6
0,11.1,0.39,0.54,2.7,0.095,21.0,101.0,1.0001,3.13,0.51,9.5,5
1,7.6,0.29,0.29,4.4,0.051,26.0,146.0,0.9939,3.16,0.39,10.2,5
1,7.6,0.3,0.22,10.2,0.049,57.0,191.0,0.9966,3.08,0.4,9.3,6
1,7.0,0.23,0.33,1.0,0.043,46.0,110.0,0.99118,3.04,0.65,10.8,6
1,5.6,0.33,0.28,1.2,0.031,33.0,97.0,0.99126,3.49,0.58,10.9,6
1,6.8,0.27,0.22,17.8,0.034,16.0,116.0,0.9989,3.07,0.53,9.2,5
1,6.2,0.37,0.22,8.3,0.025,36.0,216.0,0.9964,3.33,0.6,9.6,6
1,6.3,0.22,0.34,5.0,0.032,36.0,93.0,0.9901200000000001,3.27,0.36,13.5,7
1,5.4,0.45,0.27,6.4,0.033,20.0,102.0,0.98944,3.22,0.27,13.4,8
0,8.6,0.47,0.27,2.3,0.055,14.0,28.0,0.99516,3.18,0.8,11.2,5
1,6.2,0.235,0.34,1.9,0.036000000000000004,4.0,117.0,0.9903200000000001,3.4,0.44,12.2,5
1,6.0,0.33,0.2,1.8,0.031,49.0,159.0,0.9919,3.41,0.53,11.0,6
1,6.6,0.3,0.25,8.0,0.036000000000000004,21.0,124.0,0.9936200000000001,3.06,0.38,10.8,6
1,6.8,0.32,0.34,6.0,0.05,5.0,129.0,0.9953,3.19,0.4,9.1,5
1,5.9,0.19,0.21,1.7,0.045,57.0,135.0,0.99341,3.32,0.44,9.5,5
1,8.8,0.23,0.35,10.7,0.04,26.0,183.0,0.9984,2.93,0.49,9.1,6
1,7.2,0.19,0.31,1.6,0.062,31.0,173.0,0.9917,3.35,0.44,11.7,6
1,7.6,0.17,0.27,4.6,0.05,23.0,98.0,0.9942200000000001,3.08,0.47,9.5,6
1,7.4,0.45,0.32,7.1,0.044000000000000004,17.0,117.0,0.9962,3.32,0.41,10.4,4
0,9.2,0.92,0.24,2.6,0.087,12.0,93.0,0.9998,3.48,0.54,9.8,5
1,7.0,0.17,0.74,12.8,0.045,24.0,126.0,0.9942,3.26,0.38,12.2,8
0,8.3,0.26,0.37,1.4,0.076,8.0,23.0,0.9974,3.26,0.7,9.6,6
0,7.4,0.53,0.26,2.0,0.10099999999999999,16.0,72.0,0.9957,3.15,0.57,9.4,5
1,6.5,0.36,0.31,4.1,0.061,20.0,134.0,0.99475,3.18,0.45,9.0,6
0,11.9,0.58,0.58,1.9,0.071,5.0,18.0,0.998,3.09,0.63,10.0,6
1,7.6,0.19,0.41,1.1,0.04,38.0,143.0,0.9907,2.92,0.42,11.4,5
1,6.9,0.32,0.26,2.3,0.03,11.0,103.0,0.99106,3.06,0.42,11.1,6
0,13.3,0.43,0.58,1.9,0.07,15.0,40.0,1.0004,3.06,0.49,9.0,5
1,6.8,0.46,0.26,6.3,0.147,49.0,159.0,0.99434,3.14,0.47,10.0,5
1,7.8,0.18,0.31,12.2,0.053,46.0,140.0,0.998,3.06,0.53,8.9,6
1,6.0,0.16,0.37,1.5,0.025,43.0,117.0,0.9928,3.46,0.51,9.7,6
1,6.1,0.2,0.4,1.9,0.027999999999999997,32.0,138.0,0.9914,3.26,0.72,11.7,5
0,7.7,0.66,0.04,1.6,0.039,4.0,9.0,0.9962,3.4,0.47,9.4,5
0,8.4,0.6,0.1,2.2,0.085,14.0,111.0,0.9964,3.15,0.66,9.8,5
1,7.6,0.17,0.45,11.2,0.054000000000000006,56.0,137.0,0.997,3.15,0.47,10.0,5
1,6.2,0.28,0.45,7.5,0.045,46.0,203.0,0.9957299999999999,3.26,0.46,9.2,6
1,8.7,0.23,0.32,13.4,0.044000000000000004,35.0,169.0,0.99975,3.12,0.47,8.8,7
1,5.9,0.42,0.36,2.4,0.034,19.0,77.0,0.9918399999999999,3.25,0.48,10.9,5
0,9.9,0.54,0.45,2.3,0.071,16.0,40.0,0.9991,3.39,0.62,9.4,5
0,6.8,0.56,0.22,1.8,0.07400000000000001,15.0,24.0,0.9943799999999999,3.4,0.82,11.2,6
0,6.8,0.48,0.08,1.8,0.07400000000000001,40.0,64.0,0.99529,3.12,0.49,9.6,5
1,6.9,0.3,0.25,3.3,0.040999999999999995,26.0,124.0,0.9942799999999999,3.18,0.5,9.3,6
1,7.4,0.36,0.32,1.9,0.036000000000000004,27.0,119.0,0.9919600000000001,3.15,0.49,11.2,6
1,6.5,0.15,0.44,12.6,0.052000000000000005,65.0,158.0,0.9968799999999999,3.26,0.7,10.3,7
1,7.0,0.13,0.37,12.85,0.042,36.0,105.0,0.9958100000000001,3.05,0.55,10.7,6
1,7.2,0.25,0.19,8.0,0.044000000000000004,51.0,172.0,0.9964,3.16,0.44,9.2,5
1,6.3,0.19,0.29,2.0,0.022000000000000002,33.0,96.0,0.9890200000000001,3.04,0.54,12.8,7
1,7.2,0.24,0.29,2.2,0.037000000000000005,37.0,102.0,0.992,3.27,0.64,11.0,7
1,7.6,0.52,0.49,14.0,0.034,37.0,156.0,0.9958,3.14,0.38,11.8,7
1,8.0,0.13,0.25,1.1,0.033,15.0,86.0,0.99044,2.98,0.39,11.2,8
1,6.4,0.18,0.32,9.6,0.052000000000000005,24.0,90.0,0.9963,3.35,0.49,9.4,6
1,6.8,0.13,0.39,1.4,0.034,19.0,102.0,0.99121,3.23,0.6,11.3,7
1,6.7,0.28,0.28,4.5,0.051,14.0,92.0,0.99224,3.36,0.58,11.9,6
1,6.4,0.28,0.22,12.8,0.039,51.0,150.0,0.99535,3.23,0.43,10.7,6
0,10.4,0.43,0.5,2.3,0.068,13.0,19.0,0.996,3.1,0.87,11.4,6
1,7.1,0.3,0.36,6.8,0.055,44.5,234.0,0.9972,3.49,0.64,10.2,6
0,9.3,0.36,0.39,1.5,0.08,41.0,55.0,0.9965200000000001,3.47,0.73,10.9,6
0,8.5,0.47,0.27,1.9,0.057999999999999996,18.0,38.0,0.99518,3.16,0.85,11.1,6
1,6.7,0.23,0.39,2.5,0.172,63.0,158.0,0.9937,3.11,0.36,9.4,6
0,7.2,0.36,0.46,2.1,0.07400000000000001,24.0,44.0,0.99534,3.4,0.85,11.0,7
1,6.2,0.16,0.32,1.1,0.036000000000000004,74.0,184.0,0.9909600000000001,3.22,0.41,11.0,6
0,8.1,0.72,0.09,2.8,0.084,18.0,49.0,0.9994,3.43,0.72,11.1,6
0,6.6,0.61,0.01,1.9,0.08,8.0,25.0,0.99746,3.69,0.73,10.5,5
0,6.0,0.54,0.06,1.8,0.05,38.0,89.0,0.99236,3.3,0.5,10.55,6
1,5.8,0.17,0.3,1.4,0.037000000000000005,55.0,130.0,0.9909,3.29,0.38,11.3,6
1,7.0,0.25,0.29,15.2,0.047,40.0,171.0,0.9982,3.22,0.45,9.3,5
1,6.2,0.35,0.03,1.2,0.064,29.0,120.0,0.9934,3.22,0.54,9.1,5
1,6.7,0.17,0.27,1.4,0.032,39.0,149.0,0.99254,3.4,0.52,10.5,5
1,6.8,0.27,0.49,1.2,0.044000000000000004,35.0,126.0,0.99,3.13,0.48,12.1,7
1,6.6,0.25,0.29,1.1,0.068,39.0,124.0,0.9914,3.34,0.58,11.0,7
1,6.6,0.25,0.51,8.0,0.047,61.0,189.0,0.9960399999999999,3.22,0.49,9.2,5
1,5.8,0.24,0.39,1.5,0.054000000000000006,37.0,158.0,0.9932,3.21,0.52,9.3,6
1,7.4,0.25,0.36,13.2,0.067,53.0,178.0,0.9976,3.01,0.48,9.0,6
1,5.6,0.185,0.19,7.1,0.048,36.0,110.0,0.9943799999999999,3.26,0.41,9.5,6
0,8.0,0.745,0.56,2.0,0.11800000000000001,30.0,134.0,0.9968,3.24,0.66,9.4,5
1,7.3,0.13,0.31,2.3,0.054000000000000006,22.0,104.0,0.9924,3.24,0.92,11.5,7
1,6.2,0.66,0.48,1.2,0.028999999999999998,29.0,75.0,0.9892,3.33,0.39,12.8,8
1,7.9,0.33,0.28,31.6,0.053,35.0,176.0,1.0103,3.15,0.38,8.8,6
1,5.9,0.48,0.3,1.5,0.037000000000000005,19.0,78.0,0.9905700000000001,3.47,0.42,11.9,7
0,7.3,0.695,0.0,2.5,0.075,3.0,13.0,0.998,3.49,0.52,9.2,5
0,6.4,0.79,0.04,2.2,0.061,11.0,17.0,0.9958799999999999,3.53,0.65,10.4,6
1,6.5,0.2,0.31,2.1,0.033,32.0,95.0,0.9894350000000001,2.96,0.61,12.0,6
1,5.3,0.395,0.07,1.3,0.035,26.0,102.0,0.992,3.5,0.35,10.6,6
0,8.3,0.655,0.12,2.3,0.083,15.0,113.0,0.9966,3.17,0.66,9.8,5
1,5.7,0.18,0.22,4.2,0.042,25.0,111.0,0.9940000000000001,3.35,0.39,9.4,5
1,5.2,0.22,0.46,6.2,0.066,41.0,187.0,0.9936200000000001,3.19,0.42,9.733333333,5
1,7.6,0.2,0.3,14.2,0.055999999999999994,53.0,212.5,0.9990000000000001,3.14,0.46,8.9,8
1,6.4,0.22,0.34,1.4,0.023,56.0,115.0,0.9895799999999999,3.18,0.7,11.7,6
0,7.1,0.27,0.6,2.1,0.07400000000000001,17.0,25.0,0.9981399999999999,3.38,0.72,10.6,6
1,6.6,0.24,0.24,8.6,0.034,25.0,135.0,0.99582,3.33,0.59,10.3,6
0,8.8,0.31,0.4,2.8,0.109,7.0,16.0,0.9961399999999999,3.31,0.79,11.8,7
0,6.6,0.8,0.03,7.8,0.079,6.0,12.0,0.9963,3.52,0.5,12.2,5
1,6.2,0.34,0.3,11.1,0.047,28.0,237.0,0.9981,3.18,0.49,8.7,5
1,7.5,0.24,0.49,9.4,0.048,50.0,149.0,0.9962,3.17,0.59,10.5,7
1,6.3,0.2,0.37,11.8,0.045,58.0,130.0,0.99519,3.2,0.35,10.8,5
1,7.4,0.16,0.3,13.7,0.055999999999999994,33.0,168.0,0.99825,2.9,0.44,8.7,7
1,7.0,0.23,0.26,7.2,0.040999999999999995,21.0,90.0,0.9950899999999999,3.22,0.55,9.5,6
1,7.0,0.22,0.31,2.7,0.03,41.0,136.0,0.9898,3.16,0.37,12.7,7
1,6.9,0.21,0.49,1.4,0.040999999999999995,15.0,164.0,0.9927,3.25,0.63,11.0,5
0,6.1,0.56,0.0,2.2,0.079,6.0,9.0,0.9948,3.59,0.54,11.5,6
1,6.4,0.15,0.29,1.8,0.044000000000000004,21.0,115.0,0.99166,3.1,0.38,10.2,5
1,6.8,0.28,0.17,13.9,0.047,49.0,162.0,0.9983,3.21,0.51,9.0,6
1,7.7,0.28,0.35,15.3,0.055999999999999994,31.0,117.0,0.9998,3.27,0.5,9.6,5
1,9.6,0.29,0.46,1.45,0.039,77.5,223.0,0.9944,2.92,0.46,9.5,6
1,7.7,0.46,0.18,3.3,0.054000000000000006,18.0,143.0,0.99392,3.12,0.51,10.8,6
1,7.1,0.21,0.37,2.4,0.026000000000000002,23.0,100.0,0.9903,3.15,0.38,11.4,7
1,6.8,0.28,0.4,22.0,0.048,48.0,167.0,1.001,2.93,0.5,8.7,5
0,12.5,0.28,0.54,2.3,0.08199999999999999,12.0,29.0,0.9997,3.11,1.36,9.8,7
1,7.7,0.27,0.35,5.3,0.03,30.0,117.0,0.992,3.11,0.42,12.2,6
1,9.1,0.28,0.49,2.0,0.059000000000000004,10.0,112.0,0.9958,3.15,0.46,10.1,5
1,7.2,0.25,0.39,18.95,0.038,42.0,155.0,0.9999,2.97,0.47,9.0,6
0,10.5,0.24,0.42,1.8,0.077,6.0,22.0,0.9976,3.21,1.05,10.8,7
1,9.4,0.17,0.55,1.6,0.049,14.0,94.0,0.9949,3.02,0.61,10.3,6
1,7.9,0.28,0.41,2.0,0.044000000000000004,50.0,152.0,0.9934,3.45,0.49,10.7,8
1,7.2,0.16,0.29,1.0,0.031,40.0,123.0,0.9895799999999999,3.12,0.4,12.1,7
0,9.5,0.46,0.49,6.3,0.064,5.0,17.0,0.9988,3.21,0.73,11.0,6
1,6.3,0.22,0.3,2.0,0.05,23.0,120.0,0.9920399999999999,3.24,0.47,10.4,6
0,11.9,0.695,0.53,3.4,0.128,7.0,21.0,0.9992,3.17,0.84,12.2,7
0,7.1,0.75,0.01,2.2,0.059000000000000004,11.0,18.0,0.9924200000000001,3.39,0.4,12.8,6
1,6.5,0.51,0.25,1.7,0.048,39.0,177.0,0.9921200000000001,3.28,0.57,10.6,5
1,6.5,0.43,0.28,12.0,0.055999999999999994,23.0,174.0,0.9986,3.31,0.55,9.3,5
1,8.0,0.45,0.28,10.8,0.051,25.0,157.0,0.9957,3.06,0.47,11.4,7
1,6.4,0.3,0.33,5.2,0.05,30.0,137.0,0.9930399999999999,3.26,0.58,11.1,5
0,10.2,0.42,0.57,3.4,0.07,4.0,10.0,0.9971,3.04,0.63,9.6,5
1,5.8,0.36,0.32,1.7,0.033,22.0,96.0,0.9898,3.03,0.38,11.2,6
1,7.1,0.29,0.49,1.2,0.031,32.0,99.0,0.9893,3.07,0.33,12.2,6
1,6.9,0.56,0.26,10.9,0.06,55.0,193.0,0.9969,3.21,0.44,9.4,5
0,9.9,0.35,0.41,2.3,0.083,11.0,61.0,0.9982,3.21,0.5,9.5,5
1,5.9,0.17,0.29,3.1,0.03,32.0,123.0,0.98913,3.41,0.33,13.7,7
1,6.2,0.21,0.18,11.6,0.044000000000000004,61.0,155.0,0.99655,3.14,0.52,9.4,6
1,6.1,0.28,0.32,2.5,0.042,23.0,218.5,0.9935,3.27,0.6,9.8,5
1,5.5,0.21,0.25,1.2,0.04,18.0,75.0,0.99006,3.31,0.56,11.3,6
1,5.9,0.3,0.29,1.1,0.036000000000000004,23.0,56.0,0.9904,3.19,0.38,11.3,5
1,6.5,0.29,0.31,1.7,0.035,24.0,79.0,0.9905299999999999,3.27,0.69,11.4,7
1,6.6,0.26,0.27,1.5,0.04,19.0,114.0,0.99295,3.36,0.62,10.5,6
1,6.1,0.32,0.24,1.5,0.036000000000000004,38.0,124.0,0.9898,3.29,0.42,12.4,7
1,7.0,0.33,0.28,5.7,0.033,39.0,204.0,0.9917600000000001,3.17,0.64,12.5,6
1,6.8,0.45,0.3,11.8,0.094,23.0,97.0,0.997,3.09,0.44,9.6,5
0,7.5,0.42,0.31,1.6,0.08,15.0,42.0,0.9978,3.31,0.64,9.0,5
1,8.0,0.25,0.13,17.2,0.036000000000000004,49.0,219.0,0.9996,2.96,0.46,9.7,5
1,7.1,0.21,0.33,1.2,0.039,34.0,97.0,0.9911200000000001,3.11,0.75,11.2,6
1,7.3,0.33,0.4,6.85,0.038,32.0,138.0,0.992,3.03,0.3,11.9,7
0,7.4,0.39,0.48,2.0,0.08199999999999999,14.0,67.0,0.9972,3.34,0.55,9.2,5
1,7.9,0.345,0.51,15.3,0.047,54.0,171.0,0.9987,3.09,0.51,9.1,5
1,6.0,0.25,0.28,7.7,0.053,37.0,132.0,0.9948899999999999,3.06,0.5,9.4,6
1,5.8,0.18,0.37,1.2,0.036000000000000004,19.0,74.0,0.9885299999999999,3.09,0.49,12.7,7
1,9.2,0.28,0.49,11.8,0.042,29.0,137.0,0.998,3.1,0.34,10.1,4
1,8.4,0.31,0.31,0.95,0.021,52.0,148.0,0.9903799999999999,2.93,0.32,11.5,5
1,6.8,0.31,0.42,6.9,0.046,50.0,173.0,0.9958,3.19,0.46,9.0,5
1,7.2,0.28,0.38,2.0,0.052000000000000005,23.0,156.0,0.9912,3.13,0.52,11.1,5
1,7.2,0.47,0.65,8.3,0.083,27.0,182.0,0.9964,3.0,0.35,9.2,5
0,7.4,0.63,0.07,2.4,0.09,11.0,37.0,0.9979,3.43,0.76,9.7,6
1,7.2,0.21,0.28,2.7,0.033,38.0,94.0,0.99075,2.99,0.43,11.8,7
1,5.8,0.21,0.32,1.6,0.045,38.0,95.0,0.98946,3.23,0.94,12.4,8
1,6.5,0.35,0.31,10.2,0.069,58.0,170.0,0.99692,3.18,0.49,9.4,5
1,8.3,0.41,0.51,2.0,0.046,11.0,207.0,0.993,3.02,0.55,11.4,5
0,10.3,0.44,0.5,4.5,0.107,5.0,13.0,0.998,3.28,0.83,11.5,5
1,8.6,0.31,0.3,0.9,0.045,16.0,109.0,0.99249,2.95,0.39,10.1,5
1,6.7,0.2,0.24,6.5,0.044000000000000004,28.0,100.0,0.9934799999999999,3.12,0.33,10.2,6
1,6.0,0.2,0.33,1.1,0.039,45.0,126.0,0.99051,3.31,0.45,11.6,7
1,6.4,0.31,0.4,6.2,0.04,46.0,169.0,0.9953,3.15,0.46,9.3,6
1,5.2,0.155,0.33,1.6,0.027999999999999997,13.0,59.0,0.98975,3.3,0.84,11.9,8
1,7.1,0.17,0.38,7.4,0.052000000000000005,49.0,182.0,0.9958,3.35,0.52,9.6,6
1,7.0,0.18,0.37,1.5,0.043,16.0,104.0,0.99216,3.18,0.5,10.8,5
1,5.5,0.16,0.26,1.5,0.032,35.0,100.0,0.9907600000000001,3.43,0.77,12.0,6
0,11.6,0.41,0.54,1.5,0.095,22.0,41.0,0.99735,3.02,0.76,9.9,7
1,6.8,0.27,0.3,13.0,0.047,69.0,160.0,0.99705,3.16,0.5,9.6,6
1,6.6,0.16,0.29,1.8,0.05,40.0,147.0,0.9912,3.06,0.44,11.4,7
1,6.7,0.16,0.49,2.4,0.046,57.0,187.0,0.9952,3.62,0.81,10.4,6
1,6.5,0.18,0.26,1.4,0.040999999999999995,40.0,141.0,0.9941,3.34,0.72,9.5,6
1,7.3,0.19,0.27,13.9,0.057,45.0,155.0,0.9980700000000001,2.94,0.41,8.8,8
1,7.5,0.42,0.2,1.4,0.06,15.0,168.0,0.9944,3.06,0.4,9.4,6
1,6.3,0.23,0.22,17.45,0.054000000000000006,42.0,151.0,0.9985299999999999,3.12,0.6,9.3,6
1,8.8,0.2,0.43,15.0,0.053,60.0,184.0,1.0008,3.28,0.79,8.8,6
1,9.3,0.34,0.49,7.3,0.052000000000000005,30.0,146.0,0.998,3.17,0.61,10.2,5
0,10.5,0.28,0.51,1.7,0.08,10.0,24.0,0.9982,3.2,0.89,9.4,6
1,7.3,0.28,0.43,1.7,0.08,21.0,123.0,0.9905,3.19,0.42,12.8,5
1,5.8,0.28,0.35,2.3,0.053,36.0,114.0,0.9924,3.28,0.5,10.2,4
0,11.2,0.28,0.56,1.9,0.075,17.0,60.0,0.998,3.16,0.58,9.8,6
1,7.9,0.25,0.34,11.4,0.04,53.0,202.0,0.99708,3.11,0.57,9.6,6
1,7.8,0.21,0.49,1.2,0.036000000000000004,20.0,99.0,0.99,3.05,0.28,12.1,7
0,7.0,0.43,0.36,1.6,0.08900000000000001,14.0,37.0,0.99615,3.34,0.56,9.2,6
1,6.2,0.35,0.04,1.2,0.06,23.0,108.0,0.9934,3.26,0.54,9.2,5
1,6.9,0.23,0.38,8.3,0.047,47.0,162.0,0.9954,3.34,0.52,10.5,7
1,6.6,0.17,0.38,1.5,0.032,28.0,112.0,0.9914,3.25,0.55,11.4,7
1,6.0,0.18,0.27,1.5,0.08900000000000001,40.0,143.0,0.9923,3.49,0.62,10.8,6
0,8.3,0.65,0.1,2.9,0.08900000000000001,17.0,40.0,0.99803,3.29,0.55,9.5,5
1,6.1,0.3,0.56,2.7,0.046,46.0,184.0,0.9924,3.31,0.57,10.9,6
0,7.9,0.54,0.34,2.5,0.076,8.0,17.0,0.99235,3.2,0.72,13.1,8
1,8.0,0.42,0.36,5.0,0.037000000000000005,34.0,101.0,0.992,3.13,0.57,12.3,7
1,6.4,0.14,0.28,7.9,0.057,21.0,82.0,0.99425,3.26,0.36,10.0,6
1,6.2,0.25,0.44,15.8,0.057,39.0,167.0,0.9980399999999999,3.14,0.51,9.2,5
1,6.2,0.3,0.33,3.5,0.037000000000000005,37.0,155.0,0.98987,3.18,0.37,12.4,6
1,6.8,0.18,0.3,12.8,0.062,19.0,171.0,0.99808,3.0,0.52,9.0,7
1,6.6,0.22,0.37,1.2,0.059000000000000004,45.0,199.0,0.993,3.37,0.55,10.3,7
1,6.2,0.33,0.27,4.9,0.036000000000000004,30.0,134.0,0.9927,3.2,0.42,10.4,7
1,4.8,0.34,0.0,6.5,0.027999999999999997,33.0,163.0,0.9939,3.36,0.61,9.9,6
0,8.2,0.64,0.27,2.0,0.095,5.0,77.0,0.9974700000000001,3.13,0.62,9.1,6
1,10.0,0.2,0.39,1.4,0.05,19.0,152.0,0.9940000000000001,3.0,0.42,10.4,6
1,7.0,0.13,0.37,12.85,0.042,36.0,105.0,0.9958100000000001,3.05,0.55,10.7,6
1,8.1,0.2,0.3,1.3,0.036000000000000004,7.0,49.0,0.9924200000000001,2.99,0.73,10.3,5
1,5.5,0.18,0.22,5.5,0.037000000000000005,10.0,86.0,0.99156,3.46,0.44,12.2,5
1,5.7,0.16,0.26,6.3,0.043,28.0,113.0,0.9936,3.06,0.58,9.9,6
1,6.8,0.3,0.29,6.2,0.025,29.0,95.0,0.9907100000000001,3.03,0.32,12.9,7
0,10.2,0.41,0.43,2.2,0.11,11.0,37.0,0.9972799999999999,3.16,0.67,10.8,5
0,7.1,0.68,0.0,2.2,0.073,12.0,22.0,0.9969,3.48,0.5,9.3,5
1,6.2,0.27,0.32,6.3,0.048,47.0,159.0,0.99282,3.21,0.6,11.0,6
0,6.4,0.865,0.03,3.2,0.071,27.0,58.0,0.995,3.61,0.49,12.7,6
1,6.4,0.225,0.48,2.2,0.115,29.0,104.0,0.9918,3.24,0.58,12.1,6
0,10.3,0.53,0.48,2.5,0.063,6.0,25.0,0.9998,3.12,0.59,9.3,6
1,6.0,0.28,0.27,15.5,0.036000000000000004,31.0,134.0,0.99408,3.19,0.44,13.0,7
0,7.0,0.56,0.13,1.6,0.077,25.0,42.0,0.99629,3.34,0.59,9.2,5
1,8.0,0.25,0.27,9.7,0.036000000000000004,15.0,85.0,0.99406,2.99,0.36,11.2,6
1,6.0,0.27,0.28,4.8,0.063,31.0,201.0,0.9964,3.69,0.71,10.0,5
1,5.6,0.12,0.33,2.9,0.044000000000000004,21.0,73.0,0.9889600000000001,3.17,0.32,12.9,8
1,6.8,0.21,0.37,7.0,0.038,27.0,107.0,0.99206,2.98,0.82,11.5,6
0,7.3,0.33,0.47,2.1,0.077,5.0,11.0,0.9958,3.33,0.53,10.3,6
1,6.6,0.22,0.28,4.9,0.042,51.0,180.0,0.9952,3.3,0.75,9.5,6
1,6.0,0.26,0.29,3.1,0.040999999999999995,37.0,144.0,0.98944,3.22,0.39,12.8,7
1,7.3,0.24,0.34,15.4,0.05,38.0,174.0,0.9983,3.03,0.42,9.0,6
0,7.6,0.55,0.21,2.2,0.071,7.0,28.0,0.9964,3.28,0.55,9.7,5
0,8.1,0.785,0.52,2.0,0.122,37.0,153.0,0.9969,3.21,0.69,9.3,5
0,11.1,0.45,0.73,3.2,0.066,6.0,22.0,0.9986,3.17,0.66,11.2,6
1,6.5,0.22,0.45,8.0,0.053,52.0,196.0,0.9959,3.23,0.48,9.1,6
1,6.3,0.22,0.28,2.4,0.042,38.0,102.0,0.98998,3.14,0.37,11.6,7
1,7.1,0.28,0.31,1.5,0.053,20.0,98.0,0.99069,3.15,0.5,11.4,5
1,7.9,0.29,0.39,6.7,0.036000000000000004,6.0,117.0,0.9938,3.12,0.42,10.7,5
1,7.1,0.32,0.3,9.9,0.040999999999999995,63.0,192.0,0.9964200000000001,3.12,0.49,10.2,6
1,7.2,0.34,0.2,5.8,0.062,52.0,203.0,0.99461,3.17,0.44,9.8,6
1,8.3,0.26,0.41,9.2,0.042,41.0,162.0,0.9944,3.1,0.38,12.0,7
1,6.6,0.21,0.36,0.8,0.034,48.0,113.0,0.99165,3.24,0.68,10.5,6
0,7.1,0.22,0.49,1.8,0.039,8.0,18.0,0.99344,3.39,0.56,12.4,6
1,5.7,0.26,0.24,17.8,0.059000000000000004,23.0,124.0,0.9977299999999999,3.3,0.5,10.1,5
0,7.9,0.32,0.51,1.8,0.341,17.0,56.0,0.9969,3.04,1.08,9.2,6
1,8.5,0.23,0.28,11.1,0.033,30.0,97.0,0.9950700000000001,3.03,0.39,10.5,7
0,7.7,0.69,0.22,1.9,0.084,18.0,94.0,0.9961,3.31,0.48,9.5,5
1,6.3,0.29,0.23,14.2,0.037000000000000005,24.0,99.0,0.9952799999999999,3.08,0.38,10.6,6
1,7.0,0.16,0.73,1.0,0.138,58.0,150.0,0.9936,3.08,0.3,9.2,5
1,7.4,0.2,0.35,2.1,0.038,30.0,116.0,0.9949,3.49,0.77,10.3,7
1,5.9,0.12,0.27,4.8,0.03,40.0,110.0,0.99226,3.55,0.68,12.1,6
0,8.5,0.28,0.35,1.7,0.061,6.0,15.0,0.99524,3.3,0.74,11.8,7
0,8.2,0.33,0.39,2.5,0.07400000000000001,29.0,48.0,0.9952799999999999,3.32,0.88,12.4,7
1,6.6,0.325,0.49,7.7,0.049,53.0,217.0,0.996,3.16,0.4,9.3,5
1,6.8,0.21,0.36,18.1,0.046,32.0,133.0,1.0,3.27,0.48,8.8,5
1,7.4,0.56,0.09,1.5,0.071,19.0,117.0,0.9949600000000001,3.22,0.53,9.8,5
1,9.2,0.25,0.34,1.2,0.026000000000000002,31.0,93.0,0.9916,2.93,0.37,11.3,7
1,7.6,0.28,0.39,1.2,0.038,21.0,115.0,0.9940000000000001,3.16,0.67,10.0,6
1,6.4,0.25,0.41,8.6,0.042,57.0,173.0,0.9965,3.0,0.44,9.1,5
1,6.5,0.43,0.28,11.25,0.032,31.0,87.0,0.9922,3.02,0.38,12.4,6
1,6.3,0.33,0.2,5.8,0.04,24.0,144.0,0.99425,3.15,0.63,9.9,5
1,5.9,0.28,0.39,1.4,0.031,47.0,147.0,0.98836,3.08,0.64,12.9,7
1,6.6,0.36,0.29,1.6,0.021,24.0,85.0,0.98965,3.41,0.61,12.4,9
1,6.4,0.17,0.34,1.5,0.09300000000000001,43.0,136.0,0.9938,3.25,0.49,9.6,6
1,7.9,0.34,0.44,6.5,0.027000000000000003,47.0,126.0,0.99124,2.96,0.37,12.5,6
1,7.3,0.34,0.3,1.3,0.057,25.0,173.0,0.9948,3.26,0.51,9.1,6
1,7.4,0.44,0.2,11.5,0.049,44.0,157.0,0.998,3.27,0.44,9.0,5
1,6.5,0.13,0.37,1.0,0.036000000000000004,48.0,114.0,0.9911,3.41,0.51,11.5,8
1,6.4,0.28,0.44,7.1,0.048,49.0,179.0,0.9952799999999999,3.15,0.48,9.2,5
1,6.4,0.38,0.24,7.2,0.047,41.0,151.0,0.9960399999999999,3.11,0.6,9.2,5
1,6.9,0.4,0.56,11.2,0.043,40.0,142.0,0.9975,3.14,0.46,8.7,5
1,5.7,0.25,0.22,9.8,0.049,50.0,125.0,0.99571,3.2,0.45,10.1,6
1,7.1,0.18,0.39,14.5,0.051,48.0,156.0,0.9994700000000001,3.35,0.78,9.1,5
1,6.7,0.25,0.26,13.5,0.06,50.0,156.0,0.99784,3.39,0.46,9.9,6
1,7.2,0.31,0.5,13.3,0.055999999999999994,68.0,195.0,0.9982,3.01,0.47,9.2,5
1,7.4,0.38,0.27,7.5,0.040999999999999995,24.0,160.0,0.99535,3.17,0.43,10.0,5
1,6.8,0.19,0.34,1.9,0.04,41.0,108.0,0.99,3.25,0.45,12.9,6
1,8.1,0.25,0.34,10.1,0.05,30.0,121.0,0.99724,3.17,0.49,10.1,6
1,6.1,0.2,0.34,9.5,0.040999999999999995,38.0,201.0,0.995,3.14,0.44,10.1,3
1,6.1,0.3,0.32,2.2,0.042,41.0,142.0,0.9895200000000001,3.31,0.44,12.7,7
1,7.5,0.17,0.44,11.3,0.046,65.0,146.0,0.997,3.17,0.45,10.0,6
1,6.1,0.32,0.37,1.8,0.051,13.0,200.0,0.9945,3.49,0.44,10.5,4
1,5.8,0.29,0.27,1.6,0.062,17.0,140.0,0.9913799999999999,3.23,0.35,11.1,6
0,8.9,0.595,0.41,7.9,0.086,30.0,109.0,0.9998,3.27,0.57,9.3,5
1,6.7,0.15,0.29,5.0,0.057999999999999996,28.0,105.0,0.9946,3.52,0.44,10.2,7
1,5.6,0.2,0.36,2.5,0.048,16.0,125.0,0.99282,3.49,0.49,10.0,6
1,6.3,0.27,0.25,5.8,0.038,52.0,155.0,0.995,3.28,0.38,9.4,6
1,7.7,0.31,0.36,4.3,0.026000000000000002,15.0,87.0,0.9915200000000001,3.11,0.48,12.0,5
0,9.9,0.54,0.45,2.3,0.071,16.0,40.0,0.9991,3.39,0.62,9.4,5
1,5.7,0.25,0.21,1.5,0.044000000000000004,21.0,108.0,0.9914200000000001,3.3,0.59,11.0,6
1,7.2,0.23,0.39,14.2,0.057999999999999996,49.0,192.0,0.9979,2.98,0.48,9.0,7
1,7.7,0.3,0.42,14.3,0.045,45.0,213.0,0.9991,3.18,0.63,9.2,5
1,6.1,0.3,0.56,2.8,0.044000000000000004,47.0,179.0,0.9924,3.3,0.57,10.9,7
1,7.5,0.38,0.29,12.7,0.05,25.0,209.0,0.9986,3.25,0.59,9.3,6
1,7.5,0.2,0.49,1.3,0.031,8.0,97.0,0.9918,3.06,0.62,11.1,5
1,6.8,0.18,0.28,8.5,0.047,52.0,242.0,0.9952,3.22,0.53,10.5,6
0,7.7,0.715,0.01,2.1,0.064,31.0,43.0,0.99371,3.41,0.57,11.8,6
0,7.8,0.59,0.18,2.3,0.076,17.0,54.0,0.9975,3.43,0.59,10.0,5
1,6.4,0.18,0.35,1.0,0.045,39.0,108.0,0.9911,3.31,0.35,10.9,6
1,7.4,0.32,0.55,16.6,0.055999999999999994,53.0,238.0,1.0017,2.96,0.58,8.7,6
0,12.3,0.39,0.63,2.3,0.091,6.0,18.0,1.0004,3.16,0.49,9.5,5
1,6.6,0.23,0.32,0.9,0.040999999999999995,25.0,79.0,0.9926,3.39,0.54,10.2,7
1,6.8,0.24,0.33,3.2,0.049,68.0,161.0,0.99324,3.1,0.69,10.2,6
0,8.1,0.53,0.22,2.2,0.078,33.0,89.0,0.9967799999999999,3.26,0.46,9.6,6
1,5.9,0.37,0.14,6.3,0.036000000000000004,34.0,185.0,0.9944,3.17,0.63,9.8,5
1,6.6,0.24,0.27,10.3,0.047,54.0,219.0,0.9974200000000001,3.04,0.45,8.8,5
1,6.1,0.27,0.32,6.2,0.048,47.0,161.0,0.9928100000000001,3.22,0.6,11.0,6
1,6.4,0.42,0.46,8.4,0.05,58.0,180.0,0.99495,3.18,0.46,9.7,6
0,7.0,0.57,0.02,2.0,0.07200000000000001,17.0,26.0,0.99575,3.36,0.61,10.2,5
1,6.4,0.29,0.44,3.6,0.2,75.0,181.0,0.9942,3.02,0.41,9.1,5
0,7.5,0.755,0.0,1.9,0.084,6.0,12.0,0.99672,3.34,0.49,9.7,4
0,9.0,0.45,0.49,2.6,0.084,21.0,75.0,0.9987,3.35,0.57,9.7,5
1,6.7,0.31,0.44,6.7,0.054000000000000006,29.0,160.0,0.9952,3.04,0.44,9.6,5
0,10.0,0.58,0.22,1.9,0.08,9.0,32.0,0.9974,3.13,0.55,9.5,5
1,7.4,0.21,0.8,12.3,0.038,77.0,183.0,0.9977799999999999,2.95,0.48,9.0,5
1,6.7,0.24,0.31,2.3,0.044000000000000004,37.0,113.0,0.99013,3.29,0.46,12.9,6
0,7.1,0.735,0.16,1.9,0.1,15.0,77.0,0.9966,3.27,0.64,9.3,5
1,7.8,0.24,0.32,12.2,0.054000000000000006,42.0,138.0,0.9984,3.01,0.54,8.8,5
1,6.2,0.23,0.36,17.2,0.039,37.0,130.0,0.99946,3.23,0.43,8.8,6
1,5.7,0.22,0.25,1.1,0.05,97.0,175.0,0.9909899999999999,3.44,0.62,11.1,6
1,6.0,0.21,0.34,2.0,0.042,63.0,123.0,0.9905200000000001,3.44,0.42,11.4,6
0,9.6,0.68,0.24,2.2,0.087,5.0,28.0,0.9988,3.14,0.6,10.2,5
1,5.7,0.21,0.32,1.6,0.03,33.0,122.0,0.99044,3.33,0.52,11.9,6
1,7.4,0.32,0.27,1.4,0.049,38.0,173.0,0.99335,3.03,0.52,9.3,5
0,6.0,0.5,0.0,1.4,0.057,15.0,26.0,0.9944799999999999,3.36,0.45,9.5,5
1,6.5,0.26,0.31,3.6,0.03,36.0,92.0,0.99026,3.22,0.62,12.6,8
1,8.3,0.19,0.49,1.2,0.051,11.0,137.0,0.9918,3.06,0.46,11.0,6
0,8.4,0.67,0.19,2.2,0.09300000000000001,11.0,75.0,0.99736,3.2,0.59,9.2,4
1,7.0,0.15,0.28,14.7,0.051,29.0,149.0,0.99792,2.96,0.39,9.0,7
1,7.4,0.16,0.3,13.7,0.055999999999999994,33.0,168.0,0.99825,2.9,0.44,8.7,7
1,7.0,0.21,0.28,8.6,0.045,37.0,221.0,0.9954,3.25,0.54,10.4,6
0,8.2,1.0,0.09,2.3,0.065,7.0,37.0,0.99685,3.32,0.55,9.0,6
0,9.4,0.685,0.26,2.4,0.08199999999999999,23.0,143.0,0.9978,3.28,0.55,9.4,5
1,7.7,0.2,0.44,13.9,0.05,44.0,130.0,0.99855,3.11,0.48,10.0,6
1,6.8,0.22,0.26,1.2,0.040999999999999995,29.0,182.0,0.9910399999999999,3.04,0.35,11.2,5
1,5.7,0.33,0.32,1.4,0.043,28.0,93.0,0.9897,3.31,0.5,12.3,6
1,9.0,0.55,0.3,8.1,0.026000000000000002,14.0,71.0,0.993,2.94,0.36,11.8,5
1,7.6,0.39,0.22,2.8,0.036000000000000004,19.0,113.0,0.9926,3.03,0.29,10.2,5
1,6.7,0.26,0.49,8.3,0.047,54.0,191.0,0.9954,3.23,0.4,10.3,6
0,7.0,0.57,0.0,2.0,0.19,12.0,45.0,0.9967600000000001,3.31,0.6,9.4,6
1,6.9,0.31,0.34,7.4,0.059000000000000004,36.0,174.0,0.9963,3.46,0.62,11.1,7
1,8.4,0.4,0.7,13.1,0.042,29.0,197.0,0.998,3.06,0.64,9.7,5
1,6.6,0.28,0.28,8.5,0.052000000000000005,55.0,211.0,0.9962,3.09,0.55,8.9,6
1,7.5,0.27,0.79,11.95,0.04,51.0,159.0,0.99839,2.98,0.44,8.7,5
1,6.8,0.26,0.34,13.9,0.034,39.0,134.0,0.9949,3.33,0.53,12.0,6
1,6.0,0.29,0.2,12.6,0.045,45.0,187.0,0.9972,3.33,0.42,9.5,5
0,6.8,0.91,0.06,2.0,0.06,4.0,11.0,0.99592,3.53,0.64,10.9,4
1,7.5,0.24,0.29,1.1,0.046,34.0,84.0,0.9902,3.04,0.39,11.45,6
1,7.3,0.26,0.33,11.8,0.057,48.0,127.0,0.9969299999999999,3.1,0.55,10.0,6
1,8.2,0.18,0.38,1.1,0.04,41.0,92.0,0.9906200000000001,2.88,0.6,12.0,6
0,11.8,0.26,0.52,1.8,0.071,6.0,10.0,0.9968,3.2,0.72,10.2,7
1,7.2,0.24,0.29,2.2,0.037000000000000005,37.0,102.0,0.992,3.27,0.64,11.0,7
1,7.3,0.26,0.49,5.0,0.027999999999999997,32.0,107.0,0.9936,3.24,0.54,10.8,6
1,6.8,0.31,0.09,1.4,0.04,56.0,145.0,0.9922,3.19,0.46,10.0,5
0,13.0,0.47,0.49,4.3,0.085,6.0,47.0,1.0021,3.3,0.68,12.7,6
0,6.8,0.56,0.03,1.7,0.084,18.0,35.0,0.9968,3.44,0.63,10.0,6
1,7.8,0.28,0.31,2.1,0.046,28.0,208.0,0.99434,3.23,0.64,9.8,5
1,8.3,0.49,0.43,2.5,0.036000000000000004,32.0,116.0,0.9944,3.23,0.47,10.7,6
1,6.4,0.38,0.26,8.2,0.043,28.0,98.0,0.99234,2.99,0.31,11.4,6
1,7.7,0.11,0.34,14.05,0.04,41.0,114.0,0.99634,3.07,0.59,11.0,7
1,6.5,0.36,0.28,3.2,0.037000000000000005,29.0,119.0,0.9908,3.25,0.65,12.4,8
1,5.8,0.38,0.26,1.1,0.057999999999999996,20.0,140.0,0.99271,3.27,0.43,9.7,6
1,6.7,0.3,0.29,2.8,0.025,37.0,107.0,0.99159,3.31,0.63,11.3,7
1,7.4,0.2,0.37,16.95,0.048,43.0,190.0,0.9995,3.03,0.42,9.2,6
1,8.4,0.58,0.27,12.15,0.033,37.0,116.0,0.9959,2.99,0.39,10.8,6
0,12.4,0.49,0.58,3.0,0.10300000000000001,28.0,99.0,1.0008,3.16,1.0,11.5,6
0,6.6,0.58,0.02,2.0,0.062,37.0,53.0,0.99374,3.35,0.76,11.6,7
1,8.9,0.27,0.28,0.8,0.024,29.0,128.0,0.9898399999999999,3.01,0.35,12.4,6
0,7.2,0.36,0.46,2.1,0.07400000000000001,24.0,44.0,0.99534,3.4,0.85,11.0,7
1,7.5,0.38,0.29,4.9,0.021,38.0,113.0,0.99026,3.08,0.48,13.0,7
1,8.2,0.38,0.49,13.6,0.042,58.0,166.0,0.99855,3.1,0.54,9.4,5
1,6.6,0.23,0.3,14.9,0.051,33.0,118.0,0.99835,3.04,0.54,9.0,6
0,7.0,0.59,0.0,1.7,0.052000000000000005,3.0,8.0,0.996,3.41,0.47,10.3,5
1,6.0,0.26,0.29,1.0,0.032,27.0,96.0,0.9896,3.38,0.44,12.3,6
1,5.8,0.36,0.26,3.3,0.038,40.0,153.0,0.9911,3.34,0.55,11.3,6
1,8.1,0.19,0.58,16.65,0.049,48.0,181.0,1.0006,3.2,0.62,9.1,6
0,5.3,0.57,0.01,1.7,0.054000000000000006,5.0,27.0,0.9934,3.57,0.84,12.5,7
1,7.5,0.21,0.34,1.2,0.06,26.0,111.0,0.9931,3.51,0.47,10.7,6
1,6.6,0.33,0.24,16.05,0.045,31.0,147.0,0.9982200000000001,3.08,0.52,9.2,5
0,13.8,0.49,0.67,3.0,0.09300000000000001,6.0,15.0,0.9986,3.02,0.93,12.0,6
1,7.0,0.36,0.35,2.5,0.048,67.0,161.0,0.99146,3.05,0.56,11.1,6
1,6.0,0.22,0.33,12.2,0.033,25.0,97.0,0.99356,3.17,0.42,11.3,7
1,8.2,0.3,0.44,12.4,0.043,52.0,154.0,0.9945200000000001,3.04,0.33,12.0,6
1,8.0,0.14,0.33,1.2,0.045,71.0,162.0,0.9914,3.07,0.47,11.0,6
0,7.5,0.51,0.02,1.7,0.084,13.0,31.0,0.9953799999999999,3.36,0.54,10.5,6
1,6.1,0.32,0.33,10.7,0.036000000000000004,27.0,98.0,0.99521,3.34,0.52,10.2,6
0,7.3,0.66,0.0,2.0,0.084,6.0,23.0,0.9983,3.61,0.96,9.9,6
1,6.3,0.27,0.37,7.9,0.047,58.0,215.0,0.9954200000000001,3.19,0.48,9.5,6
0,8.0,0.77,0.32,2.1,0.079,16.0,74.0,0.99656,3.27,0.5,9.8,6
1,7.6,0.28,0.17,1.6,0.046,28.0,117.0,0.9928799999999999,3.08,0.43,10.0,5
1,8.1,0.26,0.37,1.9,0.07200000000000001,48.0,159.0,0.9949,3.37,0.7,10.9,6
1,7.2,0.34,0.3,8.4,0.051,40.0,167.0,0.99756,3.48,0.62,9.7,5
0,7.8,0.53,0.04,1.7,0.076,17.0,31.0,0.9964,3.33,0.56,10.0,6
1,6.4,0.22,0.56,14.5,0.055,27.0,159.0,0.998,2.98,0.4,9.1,5
1,8.1,0.45,0.34,8.3,0.037000000000000005,33.0,216.0,0.9976,3.31,0.64,9.7,5
1,6.6,0.31,0.37,6.2,0.052000000000000005,13.0,164.0,0.9960200000000001,3.24,0.39,8.8,4
0,7.3,0.835,0.03,2.1,0.092,10.0,19.0,0.9966,3.39,0.47,9.6,5
1,7.2,0.25,0.28,14.4,0.055,55.0,205.0,0.9986,3.12,0.38,9.0,7
1,5.9,0.415,0.02,0.8,0.038,22.0,63.0,0.9932,3.36,0.36,9.3,5
1,7.7,0.27,0.49,1.8,0.040999999999999995,23.0,86.0,0.9914,3.16,0.42,12.5,6
0,6.3,0.55,0.15,1.8,0.077,26.0,35.0,0.9931399999999999,3.32,0.82,11.6,6
1,7.3,0.155,0.49,1.3,0.039,34.0,136.0,0.9926,3.14,0.77,10.5,6
0,10.1,0.28,0.46,1.8,0.05,5.0,13.0,0.9974,3.04,0.79,10.2,6
1,8.7,0.45,0.4,1.5,0.067,17.0,100.0,0.9957,3.27,0.57,10.1,6
1,9.7,0.24,0.45,1.2,0.033,11.0,59.0,0.9926,2.74,0.47,10.8,6
1,6.2,0.3,0.32,1.7,0.032,30.0,130.0,0.9911,3.28,0.41,11.2,7
1,8.9,0.21,0.37,1.2,0.027999999999999997,20.0,93.0,0.99244,3.2,0.37,11.5,5
0,9.5,0.78,0.22,1.9,0.077,6.0,32.0,0.9988,3.26,0.56,10.6,6
1,6.6,0.64,0.28,4.4,0.032,19.0,78.0,0.99036,3.11,0.62,12.9,6
0,8.2,0.6,0.17,2.3,0.07200000000000001,11.0,73.0,0.9963,3.2,0.45,9.3,5
1,6.8,0.28,0.39,1.4,0.036000000000000004,15.0,115.0,0.9918,3.27,0.72,11.7,5
1,6.3,0.3,0.48,7.4,0.053,34.0,149.0,0.99472,3.18,0.53,9.8,5
1,6.4,0.15,0.44,1.2,0.043,67.0,150.0,0.9907,3.14,0.73,11.2,7
1,5.3,0.3,0.3,1.2,0.028999999999999998,25.0,93.0,0.9874200000000001,3.31,0.4,13.6,7
1,6.2,0.24,0.35,1.2,0.038,22.0,167.0,0.9912,3.1,0.48,10.6,6
1,6.8,0.53,0.35,3.8,0.034,26.0,109.0,0.9906,3.26,0.57,12.7,8
0,7.6,0.41,0.24,1.8,0.08,4.0,11.0,0.9962,3.28,0.59,9.5,5
1,6.7,0.54,0.27,7.1,0.049,8.0,178.0,0.9950200000000001,3.16,0.38,9.4,4
0,8.3,0.6,0.13,2.6,0.085,6.0,24.0,0.9984,3.31,0.59,9.2,6
1,7.4,0.19,0.49,9.3,0.03,26.0,132.0,0.9940000000000001,2.99,0.32,11.0,7
1,6.9,0.27,0.49,23.5,0.057,59.0,235.0,1.0024,2.98,0.47,8.6,5
1,6.6,0.38,0.36,9.2,0.061,42.0,214.0,0.9976,3.31,0.56,9.4,5
1,6.7,0.31,0.34,6.8,0.059000000000000004,51.0,215.0,0.9953799999999999,3.33,0.56,10.3,5
1,7.2,0.27,0.31,1.2,0.031,27.0,80.0,0.98892,3.03,0.33,12.7,6
1,7.8,0.3,0.37,1.3,0.051,16.0,96.0,0.9941,3.32,0.62,10.0,5
1,7.6,0.36,0.48,13.5,0.038,44.0,116.0,0.9982,3.04,0.48,9.2,5
0,7.2,0.34,0.24,2.0,0.071,30.0,52.0,0.9957600000000001,3.44,0.58,10.1,5
1,8.1,0.24,0.32,10.5,0.03,34.0,105.0,0.9940700000000001,3.11,0.42,11.8,6
1,6.7,0.24,0.41,2.9,0.039,48.0,122.0,0.9905200000000001,3.25,0.43,12.0,5
0,7.7,0.49,0.26,1.9,0.062,9.0,31.0,0.9966,3.39,0.64,9.6,5
0,9.8,0.66,0.39,3.2,0.083,21.0,59.0,0.9989,3.37,0.71,11.5,7
1,6.1,0.17,0.42,15.1,0.033,28.0,124.0,0.99684,2.87,0.47,9.5,5
1,8.2,0.31,0.43,7.0,0.047,18.0,87.0,0.9962799999999999,3.23,0.64,10.6,5
1,7.2,0.115,0.3,6.8,0.055999999999999994,26.0,105.0,0.9954,3.44,0.4,9.6,6
0,8.1,0.545,0.18,1.9,0.08,13.0,35.0,0.9972,3.3,0.59,9.0,6
1,6.7,0.27,0.25,8.0,0.053,54.0,202.0,0.9961,3.22,0.43,9.3,5
0,10.7,0.46,0.39,2.0,0.061,7.0,15.0,0.9981,3.18,0.62,9.5,5
0,7.6,0.49,0.26,1.6,0.23600000000000002,10.0,88.0,0.9968,3.11,0.8,9.3,5
1,6.6,0.28,0.3,12.9,0.033,31.0,177.0,0.99479,3.12,0.39,11.2,6
0,8.8,0.24,0.35,1.7,0.055,13.0,27.0,0.9939399999999999,3.14,0.59,11.3,7
1,7.0,0.55,0.05,8.0,0.036000000000000004,19.0,164.0,0.99269,3.26,0.46,12.2,6
0,8.2,0.28,0.4,2.4,0.052000000000000005,4.0,10.0,0.99356,3.33,0.7,12.8,7
1,7.6,0.13,0.34,9.3,0.062,40.0,126.0,0.9966,3.21,0.39,9.6,5
1,7.3,0.21,0.29,1.6,0.034,29.0,118.0,0.9917,3.3,0.5,11.0,8
0,9.8,0.66,0.39,3.2,0.083,21.0,59.0,0.9989,3.37,0.71,11.5,7
1,5.6,0.245,0.32,1.1,0.047,24.0,152.0,0.9927,3.12,0.42,9.3,6
1,6.9,0.17,0.25,1.6,0.047,34.0,132.0,0.9914,3.16,0.48,11.4,5
0,10.6,0.44,0.68,4.1,0.114,6.0,24.0,0.997,3.06,0.66,13.4,6
1,5.6,0.24,0.34,2.0,0.040999999999999995,14.0,73.0,0.9898100000000001,3.04,0.45,11.6,7
0,8.6,0.53,0.22,2.0,0.1,7.0,27.0,0.9967,3.2,0.56,10.2,6
1,6.9,0.22,0.37,15.0,0.053,59.0,178.0,0.9992,3.37,0.82,9.5,7
0,6.5,0.51,0.15,3.0,0.064,12.0,27.0,0.9929,3.33,0.59,12.8,6
1,7.0,0.24,0.36,2.8,0.034,22.0,112.0,0.99,3.19,0.38,12.6,8
1,7.8,0.15,0.24,7.7,0.047,21.0,98.0,0.9951,2.94,0.31,9.6,6
1,7.9,0.2,0.34,1.2,0.04,29.0,118.0,0.9932,3.14,0.41,10.6,6
1,5.7,0.28,0.28,2.2,0.019,15.0,65.0,0.9902,3.06,0.52,11.2,6
1,6.8,0.24,0.34,5.1,0.038,31.0,99.0,0.9921,3.24,0.46,11.8,6
1,6.9,0.23,0.32,16.4,0.045,62.0,153.0,0.9972,3.22,0.42,10.5,5
1,6.6,0.22,0.29,14.4,0.046,39.0,118.0,0.99834,3.05,0.5,9.1,6
1,6.6,0.29,0.29,1.8,0.036000000000000004,38.0,102.0,0.98819,3.08,0.42,13.7,7
1,6.8,0.32,0.37,3.4,0.023,19.0,87.0,0.9902,3.14,0.53,12.7,6
1,6.4,0.43,0.32,1.4,0.048,10.0,67.0,0.992,3.08,0.41,11.4,5
0,7.8,0.6,0.26,2.0,0.08,31.0,131.0,0.9962200000000001,3.21,0.52,9.9,5
0,8.9,0.4,0.51,2.6,0.052000000000000005,13.0,27.0,0.995,3.32,0.9,13.4,7
1,6.0,0.27,0.15,1.5,0.055999999999999994,35.0,128.0,0.9936,3.12,0.45,8.8,5
1,6.4,0.16,0.25,1.3,0.047,20.0,77.0,0.9933,3.61,0.54,10.2,6
1,7.4,0.29,0.5,1.8,0.042,35.0,127.0,0.9937,3.45,0.5,10.2,7
0,11.5,0.59,0.59,2.6,0.087,13.0,49.0,0.9988,3.18,0.65,11.0,6
0,7.1,0.72,0.0,1.8,0.12300000000000001,6.0,14.0,0.9962700000000001,3.45,0.58,9.8,5
1,6.5,0.29,0.3,9.15,0.051,25.0,166.0,0.99339,3.24,0.56,11.35,6
1,6.1,0.25,0.28,10.0,0.055,56.0,131.0,0.9940000000000001,3.22,0.35,10.9,6
1,9.0,0.26,0.34,6.7,0.028999999999999998,21.0,162.0,0.99497,3.08,0.5,10.6,6
0,8.7,0.69,0.31,3.0,0.086,23.0,81.0,1.0002,3.48,0.74,11.6,6
1,5.8,0.2,0.16,1.4,0.042,44.0,99.0,0.9891200000000001,3.23,0.37,12.2,6
1,6.1,0.28,0.16,1.3,0.06,36.0,126.0,0.9935299999999999,3.13,0.46,8.7,6
1,6.0,0.29,0.25,1.4,0.033,30.0,114.0,0.9879399999999999,3.08,0.43,13.2,6
1,6.5,0.36,0.32,1.1,0.031,13.0,66.0,0.9916,3.1,0.46,10.6,5
1,6.6,0.26,0.28,9.4,0.027999999999999997,13.0,121.0,0.99254,3.17,0.34,12.1,6
1,6.7,0.21,0.34,1.4,0.049,36.0,112.0,0.9909100000000001,3.02,0.5,11.0,6
1,8.4,0.29,0.29,1.05,0.032,4.0,55.0,0.9908,2.91,0.32,11.4,4
0,7.1,0.63,0.06,2.0,0.083,8.0,29.0,0.99855,3.67,0.73,9.6,5
1,6.5,0.27,0.19,6.6,0.045,98.0,175.0,0.99364,3.16,0.34,10.1,6
1,5.6,0.295,0.2,2.2,0.049,18.0,134.0,0.9937799999999999,3.21,0.68,10.0,5
1,8.0,0.32,0.36,4.6,0.042,56.0,178.0,0.9928,3.29,0.47,12.0,6
0,10.9,0.39,0.47,1.8,0.11800000000000001,6.0,14.0,0.9982,3.3,0.75,9.8,6
1,6.3,0.29,0.28,4.7,0.059000000000000004,28.0,81.0,0.99036,3.24,0.56,12.7,8
1,7.3,0.14,0.49,1.1,0.038,28.0,99.0,0.9928,3.2,0.72,10.6,6
1,8.4,0.32,0.35,11.7,0.028999999999999998,3.0,46.0,0.99439,3.02,0.34,11.8,6
0,5.0,1.04,0.24,1.6,0.05,32.0,96.0,0.9934,3.74,0.62,11.5,5
1,6.3,0.2,0.3,5.9,0.034,35.0,152.0,0.9964200000000001,3.47,0.4,8.5,6
1,6.0,0.18,0.31,1.4,0.036000000000000004,14.0,75.0,0.99085,3.34,0.58,11.1,8
1,6.6,0.29,0.31,3.9,0.027000000000000003,39.0,96.0,0.99035,3.24,0.6,12.6,8
1,6.6,0.25,0.35,14.0,0.069,42.0,163.0,0.9990000000000001,3.56,0.47,9.8,5
1,6.7,0.2,0.24,6.5,0.044000000000000004,28.0,100.0,0.9934799999999999,3.12,0.33,10.2,6
1,5.6,0.18,0.3,10.2,0.027999999999999997,28.0,131.0,0.9954,3.49,0.42,10.8,7
1,7.6,0.445,0.44,14.5,0.045,68.0,212.0,0.9986,3.48,0.36,10.0,6
0,8.2,0.78,0.0,2.2,0.08900000000000001,13.0,26.0,0.9978,3.37,0.46,9.6,4
1,7.6,0.26,0.32,1.3,0.048,23.0,76.0,0.9903,2.96,0.46,12.0,6
1,5.9,0.21,0.31,1.8,0.033,45.0,142.0,0.9898399999999999,3.35,0.5,12.7,6
0,6.8,0.36,0.32,1.8,0.067,4.0,8.0,0.9928,3.36,0.55,12.8,7
1,6.4,0.29,0.18,15.0,0.04,21.0,116.0,0.99736,3.14,0.5,9.2,5
0,7.7,0.43,0.25,2.6,0.073,29.0,63.0,0.99615,3.37,0.58,10.5,6
1,5.1,0.29,0.28,8.3,0.026000000000000002,27.0,107.0,0.99308,3.36,0.37,11.0,6
1,5.4,0.46,0.15,2.1,0.026000000000000002,29.0,130.0,0.9895299999999999,3.39,0.77,13.4,8
1,8.3,0.49,0.23,6.65,0.034,6.0,158.0,0.99344,3.05,0.48,11.2,5
1,6.7,0.24,0.36,8.4,0.042,42.0,123.0,0.9947299999999999,3.34,0.52,10.9,6
1,7.0,0.22,0.32,1.6,0.045,40.0,120.0,0.9914,2.98,0.44,10.5,6
1,6.5,0.36,0.49,2.9,0.03,16.0,94.0,0.9902,3.1,0.49,12.1,7
1,6.9,0.18,0.36,1.3,0.036000000000000004,40.0,117.0,0.9934,3.27,0.95,9.5,7
1,8.7,0.31,0.73,14.35,0.044000000000000004,27.0,191.0,1.00013,2.96,0.88,8.7,5
1,6.0,0.22,0.23,5.0,0.045,10.0,122.0,0.99261,2.94,0.63,10.0,6
1,7.8,0.26,0.49,3.2,0.027000000000000003,28.0,87.0,0.9919,3.03,0.32,11.3,7
1,7.4,0.27,0.26,11.8,0.053,55.0,173.0,0.9969899999999999,3.11,0.6,9.8,5
1,6.0,0.36,0.16,6.3,0.036000000000000004,36.0,191.0,0.9942,3.17,0.62,9.8,5
1,7.2,0.15,0.39,1.8,0.043,21.0,159.0,0.9948,3.52,0.47,10.0,5
1,6.3,0.2,0.26,4.7,0.04,108.0,168.0,0.9927799999999999,3.07,0.75,10.7,7
0,6.6,0.52,0.08,2.4,0.07,13.0,26.0,0.9935799999999999,3.4,0.72,12.5,7
0,8.3,0.61,0.3,2.1,0.084,11.0,50.0,0.9972,3.4,0.61,10.2,6
1,7.1,0.26,0.32,5.9,0.037000000000000005,39.0,97.0,0.9934,3.31,0.4,11.6,6
1,7.4,0.3,0.3,5.2,0.053,45.0,163.0,0.9941,3.12,0.45,10.3,6
1,6.7,0.22,0.39,1.2,0.049,26.0,152.0,0.99346,3.5,0.47,10.0,6
1,7.1,0.21,0.32,2.2,0.037000000000000005,28.0,141.0,0.993,3.2,0.57,10.0,7
0,8.6,0.49,0.28,1.9,0.11,20.0,136.0,0.9972,2.93,1.95,9.9,6
1,6.4,0.15,0.44,1.2,0.043,67.0,150.0,0.9907,3.14,0.73,11.2,7
1,8.3,0.2,0.35,0.9,0.05,12.0,74.0,0.992,3.13,0.38,10.5,6
1,6.1,0.37,0.46,12.0,0.042,61.0,210.0,0.997,3.17,0.59,9.7,6
1,6.3,0.23,0.33,1.5,0.036000000000000004,15.0,105.0,0.991,3.32,0.42,11.2,6
1,6.2,0.28,0.28,4.3,0.026000000000000002,22.0,105.0,0.9890000000000001,2.98,0.64,13.1,8
1,6.0,0.28,0.27,15.5,0.036000000000000004,31.0,134.0,0.99408,3.19,0.44,13.0,7
0,10.3,0.27,0.56,1.4,0.047,3.0,8.0,0.99471,3.16,0.51,11.8,6
1,6.6,0.24,0.28,1.8,0.027999999999999997,39.0,132.0,0.99182,3.34,0.46,11.4,5
0,8.1,0.56,0.28,1.7,0.368,16.0,56.0,0.9968,3.11,1.28,9.3,5
1,6.9,0.29,0.41,7.8,0.046,52.0,171.0,0.9953700000000001,3.12,0.51,9.6,5
0,7.6,0.62,0.32,2.2,0.08199999999999999,7.0,54.0,0.9966,3.36,0.52,9.4,5
1,8.0,0.2,0.36,1.2,0.032,21.0,78.0,0.9921,3.08,0.37,10.4,6
1,6.4,0.26,0.21,8.2,0.05,51.0,182.0,0.9954200000000001,3.23,0.48,9.5,5
1,6.7,0.18,0.25,14.3,0.048,79.0,149.0,0.9975,3.12,0.37,9.7,5
0,7.2,0.36,0.46,2.1,0.07400000000000001,24.0,44.0,0.99534,3.4,0.85,11.0,7
0,7.7,0.18,0.34,2.7,0.066,15.0,58.0,0.9947,3.37,0.78,11.8,6
1,7.4,0.2,1.66,2.1,0.022000000000000002,34.0,113.0,0.99165,3.26,0.55,12.2,6
1,6.0,0.26,0.34,1.3,0.046,6.0,29.0,0.9924,3.29,0.63,10.4,5
1,6.0,0.2,0.32,3.0,0.031,26.0,118.0,0.99134,3.38,0.68,11.2,7
0,8.3,0.705,0.12,2.6,0.092,12.0,28.0,0.9994,3.51,0.72,10.0,5
1,6.0,0.28,0.49,6.8,0.048,61.0,222.0,0.9953,3.19,0.47,9.3,5
0,7.4,0.965,0.0,2.2,0.08800000000000001,16.0,32.0,0.99756,3.58,0.67,10.2,5
1,7.2,0.16,0.32,0.8,0.04,50.0,121.0,0.9922,3.27,0.33,10.0,6
1,5.8,0.19,0.49,4.9,0.04,44.0,118.0,0.9935,3.34,0.38,9.5,7
1,7.6,0.35,0.46,14.7,0.047,33.0,151.0,0.9970899999999999,3.03,0.53,10.3,5
1,5.6,0.19,0.39,1.1,0.043,17.0,67.0,0.9918,3.23,0.53,10.3,6
1,7.4,0.21,0.8,12.3,0.038,77.0,183.0,0.9977799999999999,2.95,0.48,9.0,5
1,7.0,0.36,0.25,5.7,0.015,14.0,73.0,0.9896299999999999,2.82,0.59,13.2,6
1,6.1,0.24,0.26,1.7,0.033,61.0,134.0,0.9903,3.19,0.81,11.9,7
1,5.5,0.34,0.26,2.2,0.021,31.0,119.0,0.98919,3.55,0.49,13.0,8
